,No,B3,B2,B1,F1,F2,F3,POSB3,POSB2,POSB1,POSF1,POSF2,POSF3,Label
0,0,2309,2309,2309,451,385,6,34,34,36,19,34,34,1
1,1,2309,2309,451,385,6,1933,34,36,19,33,34,34,1
2,2,2309,451,385,6,1933,3,36,19,33,36,34,34,1
3,3,451,385,6,1933,3,2309,19,33,36,33,34,34,0
4,4,385,6,1933,3,2309,2309,33,36,33,34,34,34,1
5,0,2309,2309,2309,88,227,1623,34,34,36,38,34,34,1
6,1,2309,2309,88,227,1623,432,34,36,38,36,34,34,1
7,2,2309,88,227,1623,432,4,36,38,36,56,34,34,0
8,3,88,227,1623,432,4,2309,38,36,56,33,34,34,0
9,4,227,1623,432,4,2309,2309,36,56,33,34,34,34,1
10,0,2309,2309,2309,307,88,451,34,34,46,36,34,34,1
11,1,2309,2309,307,88,451,385,34,46,36,36,34,34,1
12,2,2309,307,88,451,385,1,46,36,36,19,34,34,1
13,3,307,88,451,385,1,2309,36,36,19,33,34,34,0
14,4,88,451,385,1,2309,2309,36,19,33,34,34,34,1
15,0,2309,2309,2309,227,1623,6,34,34,38,36,34,34,1
16,1,2309,2309,227,1623,6,307,34,38,36,33,34,34,1
17,2,2309,227,1623,6,307,159,38,36,33,46,34,34,0
18,3,227,1623,6,307,159,40,36,33,46,35,34,34,1
19,4,1623,6,307,159,40,351,33,46,35,24,34,34,1
20,5,6,307,159,40,351,1917,46,35,24,36,34,34,1
21,6,307,159,40,351,1917,431,35,24,36,36,34,34,1
22,7,159,40,351,1917,431,2240,24,36,36,42,34,34,0
23,8,40,351,1917,431,2240,0,36,36,42,20,34,34,1
24,9,351,1917,431,2240,0,425,36,42,20,33,34,34,1
25,10,1917,431,2240,0,425,217,42,20,33,38,34,34,0
26,11,431,2240,0,425,217,634,20,33,38,37,34,34,1
27,12,2240,0,425,217,634,158,33,38,37,38,34,34,1
28,13,0,425,217,634,158,69,38,37,38,12,34,34,1
29,14,425,217,634,158,69,363,37,38,12,35,34,34,1
30,15,217,634,158,69,363,227,38,12,35,36,34,34,1
31,16,634,158,69,363,227,446,12,35,36,38,34,34,1
32,17,158,69,363,227,446,46,35,36,38,19,34,34,1
33,18,69,363,227,446,46,277,36,38,19,36,34,34,1
34,19,363,227,446,46,277,96,38,19,36,36,34,34,1
35,20,227,446,46,277,96,1,19,36,36,49,34,34,1
36,21,446,46,277,96,1,2309,36,36,49,33,34,34,1
37,22,46,277,96,1,2309,2309,36,49,33,34,34,34,1
38,0,2309,2309,2309,451,385,6,34,34,36,19,34,34,1
39,1,2309,2309,451,385,6,406,34,36,19,33,34,34,1
40,2,2309,451,385,6,406,257,36,19,33,46,34,34,1
41,3,451,385,6,406,257,303,19,33,46,35,34,34,1
42,4,385,6,406,257,303,911,33,46,35,12,34,34,1
43,5,6,406,257,303,911,332,46,35,12,36,34,34,1
44,6,406,257,303,911,332,210,35,12,36,36,34,34,0
45,7,257,303,911,332,210,397,12,36,36,36,34,34,1
46,8,303,911,332,210,397,667,36,36,36,19,34,34,1
47,9,911,332,210,397,667,1259,36,36,19,36,34,34,1
48,10,332,210,397,667,1259,96,36,19,36,38,34,34,1
49,11,210,397,667,1259,96,432,19,36,38,49,34,34,1
50,12,397,667,1259,96,432,4,36,38,49,56,34,34,1
51,13,667,1259,96,432,4,2309,38,49,56,33,34,34,1
52,14,1259,96,432,4,2309,2309,49,56,33,34,34,34,1
53,0,2309,2309,2309,227,1623,6,34,34,38,36,34,34,1
54,1,2309,2309,227,1623,6,2298,34,38,36,33,34,34,1
55,2,2309,227,1623,6,2298,0,38,36,33,11,34,34,1
56,3,227,1623,6,2298,0,82,36,33,11,33,34,34,1
57,4,1623,6,2298,0,82,141,33,11,33,35,34,34,0
58,5,6,2298,0,82,141,96,11,33,35,36,34,34,1
59,6,2298,0,82,141,96,1,33,35,36,49,34,34,1
60,7,0,82,141,96,1,2309,35,36,49,33,34,34,1
61,8,82,141,96,1,2309,2309,36,49,33,34,34,34,1
62,0,2309,2309,2309,307,673,52,34,34,46,36,34,34,1
63,1,2309,2309,307,673,52,673,34,46,36,36,34,34,1
64,2,2309,307,673,52,673,210,46,36,36,36,34,34,1
65,3,307,673,52,673,210,0,36,36,36,36,34,34,1
66,4,673,52,673,210,0,259,36,36,36,33,34,34,1
67,5,52,673,210,0,259,88,36,36,33,35,34,34,1
68,6,673,210,0,259,88,911,36,33,35,36,34,34,1
69,7,210,0,259,88,911,332,33,35,36,36,34,34,1
70,8,0,259,88,911,332,210,35,36,36,36,34,34,1
71,9,259,88,911,332,210,158,36,36,36,36,34,34,1
72,10,88,911,332,210,158,1779,36,36,36,12,34,34,1
73,11,911,332,210,158,1779,1,36,36,12,19,34,34,1
74,12,332,210,158,1779,1,2309,36,12,19,33,34,34,0
75,13,210,158,1779,1,2309,2309,12,19,33,34,34,34,1
76,0,2309,2309,2309,451,385,6,34,34,36,19,34,34,1
77,1,2309,2309,451,385,6,307,34,36,19,33,34,34,1
78,2,2309,451,385,6,307,25,36,19,33,46,34,34,1
79,3,451,385,6,307,25,217,19,33,46,20,34,34,1
80,4,385,6,307,25,217,488,33,46,20,37,34,34,1
81,5,6,307,25,217,488,766,46,20,37,19,34,34,1
82,6,307,25,217,488,766,15,20,37,19,36,34,34,1
83,7,25,217,488,766,15,222,37,19,36,39,34,34,0
84,8,217,488,766,15,222,223,19,36,39,19,34,34,1
85,9,488,766,15,222,223,0,36,39,19,36,34,34,1
86,10,766,15,222,223,0,418,39,19,36,33,34,34,0
87,11,15,222,223,0,418,771,19,36,33,35,34,34,1
88,12,222,223,0,418,771,716,36,33,35,36,34,34,1
89,13,223,0,418,771,716,96,33,35,36,36,34,34,1
90,14,0,418,771,716,96,11,35,36,36,49,34,34,1
91,15,418,771,716,96,11,12,36,36,49,17,34,34,1
92,16,771,716,96,11,12,419,36,49,17,37,34,34,1
93,17,716,96,11,12,419,158,49,17,37,24,34,34,1
94,18,96,11,12,419,158,1779,17,37,24,12,34,34,1
95,19,11,12,419,158,1779,52,37,24,12,19,34,34,1
96,20,12,419,158,1779,52,15,24,12,19,36,34,34,0
97,21,419,158,1779,52,15,1286,12,19,36,39,34,34,0
98,22,158,1779,52,15,1286,1287,19,36,39,19,34,34,1
99,23,1779,52,15,1286,1287,1,36,39,19,45,34,34,1
100,24,52,15,1286,1287,1,2309,39,19,45,33,34,34,0
101,25,15,1286,1287,1,2309,2309,19,45,33,34,34,34,1
102,0,2309,2309,2309,227,1623,6,34,34,38,36,34,34,1
103,1,2309,2309,227,1623,6,307,34,38,36,33,34,34,1
104,2,2309,227,1623,6,307,422,38,36,33,46,34,34,0
105,3,227,1623,6,307,422,1286,36,33,46,36,34,34,1
106,4,1623,6,307,422,1286,1287,33,46,36,19,34,34,1
107,5,6,307,422,1286,1287,306,46,36,19,45,34,34,1
108,6,307,422,1286,1287,306,0,36,19,45,36,34,34,0
109,7,422,1286,1287,306,0,194,19,45,36,33,34,34,1
110,8,1286,1287,306,0,194,158,45,36,33,24,34,34,1
111,9,1287,306,0,194,158,1779,36,33,24,12,34,34,1
112,10,306,0,194,158,1779,30,33,24,12,19,34,34,1
113,11,0,194,158,1779,30,407,24,12,19,19,34,34,0
114,12,194,158,1779,30,407,398,12,19,19,36,34,34,0
115,13,158,1779,30,407,398,87,19,19,36,36,34,34,1
116,14,1779,30,407,398,87,59,19,36,36,37,34,34,1
117,15,30,407,398,87,59,7,36,36,37,35,34,34,1
118,16,407,398,87,59,7,803,36,37,35,35,34,34,1
119,17,398,87,59,7,803,476,37,35,35,38,34,34,1
120,18,87,59,7,803,476,0,35,35,38,38,34,34,1
121,19,59,7,803,476,0,88,35,38,38,33,34,34,1
122,20,7,803,476,0,88,299,38,38,33,36,34,34,1
123,21,803,476,0,88,299,15,38,33,36,35,34,34,1
124,22,476,0,88,299,15,432,33,36,35,39,34,34,1
125,23,0,88,299,15,432,4,36,35,39,56,34,34,1
126,24,88,299,15,432,4,2309,35,39,56,33,34,34,1
127,25,299,15,432,4,2309,2309,39,56,33,34,34,34,1
128,0,2309,2309,2309,451,385,6,34,34,36,19,34,34,1
129,1,2309,2309,451,385,6,137,34,36,19,33,34,34,1
130,2,2309,451,385,6,137,456,36,19,33,24,34,34,1
131,3,451,385,6,137,456,349,19,33,24,46,34,34,1
132,4,385,6,137,456,349,86,33,24,46,56,34,34,1
133,5,6,137,456,349,86,349,24,46,56,46,34,34,1
134,6,137,456,349,86,349,306,46,56,46,56,34,34,1
135,7,456,349,86,349,306,4,56,46,56,36,34,34,1
136,8,349,86,349,306,4,2309,46,56,36,33,34,34,1
137,9,86,349,306,4,2309,2309,56,36,33,34,34,34,1
138,0,2309,2309,2309,227,1623,6,34,34,38,36,34,34,1
139,1,2309,2309,227,1623,6,57,34,38,36,33,34,34,1
140,2,2309,227,1623,6,57,306,38,36,33,46,34,34,0
141,3,227,1623,6,57,306,161,36,33,46,36,34,34,1
142,4,1623,6,57,306,161,11,33,46,36,36,34,34,1
143,5,6,57,306,161,11,352,46,36,36,17,34,34,1
144,6,57,306,161,11,352,194,36,36,17,37,34,34,1
145,7,306,161,11,352,194,11,36,17,37,24,34,34,1
146,8,161,11,352,194,11,12,17,37,24,17,34,34,1
147,9,11,352,194,11,12,158,37,24,17,37,34,34,1
148,10,352,194,11,12,158,1779,24,17,37,12,34,34,1
149,11,194,11,12,158,1779,1286,17,37,12,19,34,34,1
150,12,11,12,158,1779,1286,1287,37,12,19,19,34,34,0
151,13,12,158,1779,1286,1287,1929,12,19,19,45,34,34,0
152,14,158,1779,1286,1287,1929,96,19,19,45,36,34,34,1
153,15,1779,1286,1287,1929,96,244,19,45,36,49,34,34,0
154,16,1286,1287,1929,96,244,1185,45,36,49,17,34,34,1
155,17,1287,1929,96,244,1185,322,36,49,17,42,34,34,1
156,18,1929,96,244,1185,322,0,49,17,42,19,34,34,0
157,19,96,244,1185,322,0,451,17,42,19,33,34,34,1
158,20,244,1185,322,0,451,88,42,19,33,36,34,34,1
159,21,1185,322,0,451,88,204,19,33,36,36,34,34,1
160,22,322,0,451,88,204,205,33,36,36,24,34,34,1
161,23,0,451,88,204,205,303,36,36,24,46,34,34,1
162,24,451,88,204,205,303,52,36,24,46,12,34,34,1
163,25,88,204,205,303,52,890,24,46,12,36,34,34,1
164,26,204,205,303,52,890,96,46,12,36,36,34,34,1
165,27,205,303,52,890,96,259,12,36,36,49,34,34,1
166,28,303,52,890,96,259,0,36,36,49,35,34,34,1
167,29,52,890,96,259,0,274,36,49,35,33,34,34,1
168,30,890,96,259,0,274,28,49,35,33,36,34,34,1
169,31,96,259,0,274,28,103,35,33,36,44,34,34,1
170,32,259,0,274,28,103,12,33,36,44,46,34,34,1
171,33,0,274,28,103,12,1286,36,44,46,37,34,34,1
172,34,274,28,103,12,1286,1287,44,46,37,19,34,34,1
173,35,28,103,12,1286,1287,102,46,37,19,45,34,34,1
174,36,103,12,1286,1287,102,312,37,19,45,38,34,34,0
175,37,12,1286,1287,102,312,217,19,45,38,17,34,34,1
176,38,1286,1287,102,312,217,106,45,38,17,37,34,34,1
177,39,1287,102,312,217,106,59,38,17,37,35,34,34,0
178,40,102,312,217,106,59,227,17,37,35,35,34,34,1
179,41,312,217,106,59,227,1623,37,35,35,38,34,34,1
180,42,217,106,59,227,1623,1,35,35,38,36,34,34,1
181,43,106,59,227,1623,1,2309,35,38,36,33,34,34,0
182,44,59,227,1623,1,2309,2309,38,36,33,34,34,34,1
183,0,2309,2309,2309,40,57,179,34,34,24,46,34,34,1
184,1,2309,2309,40,57,179,52,34,24,46,36,34,34,1
185,2,2309,40,57,179,52,0,24,46,36,36,34,34,1
186,3,40,57,179,52,0,103,46,36,36,33,34,34,1
187,4,57,179,52,0,103,12,36,36,33,46,34,34,1
188,5,179,52,0,103,12,158,36,33,46,37,34,34,1
189,6,52,0,103,12,158,1779,33,46,37,12,34,34,1
190,7,0,103,12,158,1779,30,46,37,12,19,34,34,1
191,8,103,12,158,1779,30,7,37,12,19,19,34,34,0
192,9,12,158,1779,30,7,221,12,19,19,35,34,34,0
193,10,158,1779,30,7,221,73,19,19,35,38,34,34,1
194,11,1779,30,7,221,73,96,19,35,38,19,34,34,1
195,12,30,7,221,73,96,0,35,38,19,49,34,34,1
196,13,7,221,73,96,0,826,38,19,49,33,34,34,1
197,14,221,73,96,0,826,294,19,49,33,3,34,34,1
198,15,73,96,0,826,294,88,49,33,3,3,34,34,1
199,16,96,0,826,294,88,1286,33,3,3,36,34,34,0
200,17,0,826,294,88,1286,1287,3,3,36,19,34,34,1
201,18,826,294,88,1286,1287,0,3,36,19,45,34,34,1
202,19,294,88,1286,1287,0,541,36,19,45,33,34,34,0
203,20,88,1286,1287,0,541,259,19,45,33,46,34,34,1
204,21,1286,1287,0,541,259,40,45,33,46,35,34,34,1
205,22,1287,0,541,259,40,361,33,46,35,24,34,34,1
206,23,0,541,259,40,361,103,46,35,24,42,34,34,1
207,24,541,259,40,361,103,268,35,24,42,46,34,34,1
208,25,259,40,361,103,268,1185,24,42,46,17,34,34,1
209,26,40,361,103,268,1185,322,42,46,17,42,34,34,1
210,27,361,103,268,1185,322,466,46,17,42,19,34,34,0
211,28,103,268,1185,322,466,4,17,42,19,42,34,34,1
212,29,268,1185,322,466,4,2309,42,19,42,33,34,34,1
213,30,1185,322,466,4,2309,2309,19,42,33,34,34,34,1
214,0,2309,2309,2309,451,385,6,34,34,36,19,34,34,1
215,1,2309,2309,451,385,6,1929,34,36,19,33,34,34,1
216,2,2309,451,385,6,1929,322,36,19,33,36,34,34,1
217,3,451,385,6,1929,322,1079,19,33,36,19,34,34,1
218,4,385,6,1929,322,1079,294,33,36,19,47,34,34,1
219,5,6,1929,322,1079,294,218,36,19,47,3,34,34,1
220,6,1929,322,1079,294,218,487,19,47,3,36,34,34,0
221,7,322,1079,294,218,487,28,47,3,36,19,34,34,1
222,8,1079,294,218,487,28,259,3,36,19,44,34,34,1
223,9,294,218,487,28,259,1,36,19,44,35,34,34,1
224,10,218,487,28,259,1,2309,19,44,35,33,34,34,1
225,11,487,28,259,1,2309,2309,44,35,33,34,34,34,1
226,0,2309,2309,2309,307,98,28,34,34,46,36,34,34,1
227,1,2309,2309,307,98,28,86,34,46,36,44,34,34,1
228,2,2309,307,98,28,86,648,46,36,44,46,34,34,1
229,3,307,98,28,86,648,283,36,44,46,42,34,34,1
230,4,98,28,86,648,283,88,44,46,42,19,34,34,1
231,5,28,86,648,283,88,406,46,42,19,36,34,34,1
232,6,86,648,283,88,406,1286,42,19,36,46,34,34,1
233,7,648,283,88,406,1286,1287,19,36,46,19,34,34,1
234,8,283,88,406,1286,1287,282,36,46,19,45,34,34,1
235,9,88,406,1286,1287,282,28,46,19,45,36,34,34,0
236,10,406,1286,1287,282,28,59,19,45,36,44,34,34,1
237,11,1286,1287,282,28,59,134,45,36,44,35,34,34,1
238,12,1287,282,28,59,134,1,36,44,35,24,34,34,1
239,13,282,28,59,134,1,2309,44,35,24,33,34,34,0
240,14,28,59,134,1,2309,2309,35,24,33,34,34,34,1
241,0,2309,2309,2309,227,1623,6,34,34,38,36,34,34,1
242,1,2309,2309,227,1623,6,406,34,38,36,33,34,34,1
243,2,2309,227,1623,6,406,194,38,36,33,46,34,34,0
244,3,227,1623,6,406,194,103,36,33,46,24,34,34,1
245,4,1623,6,406,194,103,12,33,46,24,46,34,34,1
246,5,6,406,194,103,12,158,46,24,46,37,34,34,1
247,6,406,194,103,12,158,1779,24,46,37,12,34,34,1
248,7,194,103,12,158,1779,1286,46,37,12,19,34,34,1
249,8,103,12,158,1779,1286,1287,37,12,19,19,34,34,0
250,9,12,158,1779,1286,1287,922,12,19,19,45,34,34,0
251,10,158,1779,1286,1287,922,251,19,19,45,36,34,34,1
252,11,1779,1286,1287,922,251,28,19,45,36,19,34,34,1
253,12,1286,1287,922,251,28,348,45,36,19,44,34,34,1
254,13,1287,922,251,28,348,349,36,19,44,46,34,34,1
255,14,922,251,28,348,349,375,19,44,46,56,34,34,1
256,15,251,28,348,349,375,4,44,46,56,19,34,34,1
257,16,28,348,349,375,4,2309,46,56,19,33,34,34,1
258,17,348,349,375,4,2309,2309,56,19,33,34,34,34,1
259,0,2309,2309,2309,451,385,6,34,34,36,19,34,34,1
260,1,2309,2309,451,385,6,307,34,36,19,33,34,34,1
261,2,2309,451,385,6,307,182,36,19,33,46,34,34,1
262,3,451,385,6,307,182,2299,19,33,46,53,34,34,1
263,4,385,6,307,182,2299,197,33,46,53,17,34,34,1
264,5,6,307,182,2299,197,809,46,53,17,42,34,34,0
265,6,307,182,2299,197,809,28,53,17,42,36,34,34,0
266,7,182,2299,197,809,28,52,17,42,36,44,34,34,1
267,8,2299,197,809,28,52,0,42,36,44,36,34,34,1
268,9,197,809,28,52,0,827,36,44,36,33,34,34,1
269,10,809,28,52,0,827,828,44,36,33,36,34,34,1
270,11,28,52,0,827,828,11,36,33,36,36,34,34,1
271,12,52,0,827,828,11,559,33,36,36,17,34,34,0
272,13,0,827,828,11,559,197,36,36,17,35,34,34,1
273,14,827,828,11,559,197,102,36,17,35,42,34,34,1
274,15,828,11,559,197,102,1,17,35,42,38,34,34,1
275,16,11,559,197,102,1,2309,35,42,38,33,34,34,1
276,17,559,197,102,1,2309,2309,42,38,33,34,34,34,1
277,0,2309,2309,2309,181,485,307,34,34,46,24,34,34,1
278,1,2309,2309,181,485,307,768,34,46,24,46,34,34,1
279,2,2309,181,485,307,768,769,46,24,46,20,34,34,1
280,3,181,485,307,768,769,306,24,46,20,21,34,34,1
281,4,485,307,768,769,306,0,46,20,21,36,34,34,0
282,5,307,768,769,306,0,158,20,21,36,33,34,34,1
283,6,768,769,306,0,158,1779,21,36,33,12,34,34,1
284,7,769,306,0,158,1779,88,36,33,12,19,34,34,1
285,8,306,0,158,1779,88,11,33,12,19,36,34,34,0
286,9,0,158,1779,88,11,12,12,19,36,17,34,34,0
287,10,158,1779,88,11,12,335,19,36,17,37,34,34,1
288,11,1779,88,11,12,335,1583,36,17,37,19,34,34,1
289,12,88,11,12,335,1583,1405,17,37,19,45,34,34,1
290,13,11,12,335,1583,1405,14,37,19,45,19,34,34,1
291,14,12,335,1583,1405,14,106,19,45,19,38,34,34,0
292,15,335,1583,1405,14,106,329,45,19,38,35,34,34,1
293,16,1583,1405,14,106,329,0,19,38,35,19,34,34,1
294,17,1405,14,106,329,0,40,38,35,19,33,34,34,1
295,18,14,106,329,0,40,103,35,19,33,24,34,34,1
296,19,106,329,0,40,103,391,19,33,24,46,34,34,1
297,20,329,0,40,103,391,389,33,24,46,19,34,34,1
298,21,0,40,103,391,389,179,24,46,19,36,34,34,1
299,22,40,103,391,389,179,180,46,19,36,36,34,34,1
300,23,103,391,389,179,180,1259,19,36,36,36,34,34,1
301,24,391,389,179,180,1259,379,36,36,36,38,34,34,1
302,25,389,179,180,1259,379,74,36,36,38,42,34,34,1
303,26,179,180,1259,379,74,336,36,38,42,12,34,34,1
304,27,180,1259,379,74,336,15,38,42,12,12,34,34,1
305,28,1259,379,74,336,15,248,42,12,12,39,34,34,0
306,29,379,74,336,15,248,249,12,12,39,36,34,34,1
307,30,74,336,15,248,249,0,12,39,36,36,34,34,1
308,31,336,15,248,249,0,389,39,36,36,33,34,34,1
309,32,15,248,249,0,389,460,36,36,33,36,34,34,1
310,33,248,249,0,389,460,180,36,33,36,36,34,34,1
311,34,249,0,389,460,180,302,33,36,36,36,34,34,1
312,35,0,389,460,180,302,360,36,36,36,19,34,34,1
313,36,389,460,180,302,360,1554,36,36,19,19,34,34,1
314,37,460,180,302,360,1554,335,36,19,19,46,34,34,1
315,38,180,302,360,1554,335,15,19,19,46,19,34,34,1
316,39,302,360,1554,335,15,583,19,46,19,39,34,34,0
317,40,360,1554,335,15,583,937,46,19,39,21,34,34,1
318,41,1554,335,15,583,937,1,19,39,21,36,34,34,1
319,42,335,15,583,937,1,2309,39,21,36,33,34,34,0
320,43,15,583,937,1,2309,2309,21,36,33,34,34,34,1
321,0,2309,2309,2309,59,112,0,34,34,35,50,34,34,1
322,1,2309,2309,59,112,0,161,34,35,50,33,34,34,1
323,2,2309,59,112,0,161,11,35,50,33,36,34,34,1
324,3,59,112,0,161,11,135,50,33,36,17,34,34,1
325,4,112,0,161,11,135,181,33,36,17,17,34,34,1
326,5,0,161,11,135,181,59,36,17,17,46,34,34,1
327,6,161,11,135,181,59,763,17,17,46,35,34,34,1
328,7,11,135,181,59,763,764,17,46,35,36,34,34,1
329,8,135,181,59,763,764,0,46,35,36,36,34,34,1
330,9,181,59,763,764,0,69,35,36,36,33,34,34,1
331,10,59,763,764,0,69,88,36,36,33,35,34,34,1
332,11,763,764,0,69,88,158,36,33,35,36,34,34,1
333,12,764,0,69,88,158,1779,33,35,36,12,34,34,1
334,13,0,69,88,158,1779,15,35,36,12,19,34,34,1
335,14,69,88,158,1779,15,336,36,12,19,39,34,34,0
336,15,88,158,1779,15,336,21,12,19,39,12,34,34,1
337,16,158,1779,15,336,21,30,19,39,12,41,34,34,1
338,17,1779,15,336,21,30,509,39,12,41,19,34,34,0
339,18,15,336,21,30,509,52,12,41,19,35,34,34,1
340,19,336,21,30,509,52,509,41,19,35,36,34,34,0
341,20,21,30,509,52,509,312,19,35,36,35,34,34,1
342,21,30,509,52,509,312,96,35,36,35,17,34,34,1
343,22,509,52,509,312,96,1,36,35,17,49,34,34,1
344,23,52,509,312,96,1,2309,35,17,49,33,34,34,1
345,24,509,312,96,1,2309,2309,17,49,33,34,34,34,1
346,0,2309,2309,2309,227,1623,6,34,34,38,36,34,34,1
347,1,2309,2309,227,1623,6,307,34,38,36,33,34,34,1
348,2,2309,227,1623,6,307,187,38,36,33,46,34,34,0
349,3,227,1623,6,307,187,422,36,33,46,35,34,34,1
350,4,1623,6,307,187,422,306,33,46,35,36,34,34,1
351,5,6,307,187,422,306,158,46,35,36,36,34,34,1
352,6,307,187,422,306,158,1779,35,36,36,12,34,34,1
353,7,187,422,306,158,1779,30,36,36,12,19,34,34,1
354,8,422,306,158,1779,30,102,36,12,19,19,34,34,0
355,9,306,158,1779,30,102,10,12,19,19,38,34,34,0
356,10,158,1779,30,102,10,59,19,19,38,36,34,34,1
357,11,1779,30,102,10,59,763,19,38,36,35,34,34,1
358,12,30,102,10,59,763,764,38,36,35,36,34,34,1
359,13,102,10,59,763,764,336,36,35,36,36,34,34,1
360,14,10,59,763,764,336,21,35,36,36,12,34,34,1
361,15,59,763,764,336,21,30,36,36,12,41,34,34,1
362,16,763,764,336,21,30,0,36,12,41,19,34,34,1
363,17,764,336,21,30,0,735,12,41,19,33,34,34,1
364,18,336,21,30,0,735,736,41,19,33,42,34,34,1
365,19,21,30,0,735,736,179,19,33,42,24,34,34,1
366,20,30,0,735,736,179,59,33,42,24,36,34,34,1
367,21,0,735,736,179,59,132,42,24,36,35,34,34,1
368,22,735,736,179,59,132,336,24,36,35,36,34,34,1
369,23,736,179,59,132,336,21,36,35,36,12,34,34,1
370,24,179,59,132,336,21,30,35,36,12,41,34,34,1
371,25,59,132,336,21,30,1,36,12,41,19,34,34,1
372,26,132,336,21,30,1,2309,12,41,19,33,34,34,1
373,27,336,21,30,1,2309,2309,41,19,33,34,34,34,1
374,0,2309,2309,2309,57,182,98,34,34,46,53,34,34,1
375,1,2309,2309,57,182,98,28,34,46,53,36,34,34,1
376,2,2309,57,182,98,28,74,46,53,36,44,34,34,1
377,3,57,182,98,28,74,335,53,36,44,12,34,34,1
378,4,182,98,28,74,335,258,36,44,12,19,34,34,1
379,5,98,28,74,335,258,15,44,12,19,46,34,34,0
380,6,28,74,335,258,15,21,12,19,46,39,34,34,1
381,7,74,335,258,15,21,286,19,46,39,41,34,34,1
382,8,335,258,15,21,286,106,46,39,41,19,34,34,1
383,9,258,15,21,286,106,88,39,41,19,35,34,34,1
384,10,15,21,286,106,88,1191,41,19,35,36,34,34,0
385,11,21,286,106,88,1191,1207,19,35,36,42,34,34,1
386,12,286,106,88,1191,1207,1,35,36,42,42,34,34,1
387,13,106,88,1191,1207,1,2309,36,42,42,33,34,34,0
388,14,88,1191,1207,1,2309,2309,42,42,33,34,34,34,1
389,0,2309,2309,2309,59,110,158,34,34,35,38,34,34,1
390,1,2309,2309,59,110,158,1779,34,35,38,12,34,34,1
391,2,2309,59,110,158,1779,316,35,38,12,19,34,34,1
392,3,59,110,158,1779,316,376,38,12,19,19,34,34,0
393,4,110,158,1779,316,376,2027,12,19,19,51,34,34,0
394,5,158,1779,316,376,2027,451,19,19,51,14,34,34,1
395,6,1779,316,376,2027,451,40,19,51,14,36,34,34,0
396,7,316,376,2027,451,40,158,51,14,36,24,34,34,0
397,8,376,2027,451,40,158,1779,14,36,24,12,34,34,1
398,9,2027,451,40,158,1779,1776,36,24,12,19,34,34,1
399,10,451,40,158,1779,1776,11,24,12,19,36,34,34,1
400,11,40,158,1779,1776,11,531,12,19,36,17,34,34,0
401,12,158,1779,1776,11,531,15,19,36,17,52,34,34,1
402,13,1779,1776,11,531,15,14,36,17,52,39,34,34,1
403,14,1776,11,531,15,14,316,17,52,39,38,34,34,1
404,15,11,531,15,14,316,0,52,39,38,19,34,34,1
405,16,531,15,14,316,0,187,39,38,19,33,34,34,1
406,17,15,14,316,0,187,59,38,19,33,35,34,34,1
407,18,14,316,0,187,59,893,19,33,35,35,34,34,1
408,19,316,0,187,59,893,715,33,35,35,36,34,34,1
409,20,0,187,59,893,715,196,35,35,36,19,34,34,1
410,21,187,59,893,715,196,60,35,36,19,36,34,34,0
411,22,59,893,715,196,60,158,36,19,36,36,34,34,1
412,23,893,715,196,60,158,1779,19,36,36,12,34,34,1
413,24,715,196,60,158,1779,210,36,36,12,19,34,34,1
414,25,196,60,158,1779,210,336,36,12,19,36,34,34,0
415,26,60,158,1779,210,336,21,12,19,36,12,34,34,0
416,27,158,1779,210,336,21,1,19,36,12,41,34,34,1
417,28,1779,210,336,21,1,2309,36,12,41,33,34,34,0
418,29,210,336,21,1,2309,2309,12,41,33,34,34,34,1
419,0,2309,2309,2309,451,385,6,34,34,36,19,34,34,1
420,1,2309,2309,451,385,6,2298,34,36,19,33,34,34,1
421,2,2309,451,385,6,2298,0,36,19,33,11,34,34,1
422,3,451,385,6,2298,0,86,19,33,11,33,34,34,0
423,4,385,6,2298,0,86,144,33,11,33,46,34,34,0
424,5,6,2298,0,86,144,106,11,33,46,37,34,34,1
425,6,2298,0,86,144,106,88,33,46,37,35,34,34,1
426,7,0,86,144,106,88,422,46,37,35,36,34,34,1
427,8,86,144,106,88,422,258,37,35,36,36,34,34,1
428,9,144,106,88,422,258,30,35,36,36,46,34,34,1
429,10,106,88,422,258,30,306,36,36,46,19,34,34,1
430,11,88,422,258,30,306,15,36,46,19,36,34,34,1
431,12,422,258,30,306,15,0,46,19,36,39,34,34,1
432,13,258,30,306,15,0,59,19,36,39,33,34,34,1
433,14,30,306,15,0,59,11,36,39,33,35,34,34,1
434,15,306,15,0,59,11,332,39,33,35,17,34,34,1
435,16,15,0,59,11,332,134,33,35,17,36,34,34,1
436,17,0,59,11,332,134,1,35,17,36,24,34,34,1
437,18,59,11,332,134,1,2309,17,36,24,33,34,34,1
438,19,11,332,134,1,2309,2309,36,24,33,34,34,34,1
439,0,2309,2309,2309,406,86,352,34,34,46,46,34,34,1
440,1,2309,2309,406,86,352,102,34,46,46,37,34,34,1
441,2,2309,406,86,352,102,102,46,46,37,38,34,34,1
442,3,406,86,352,102,102,125,46,37,38,38,34,34,1
443,4,86,352,102,102,125,1800,37,38,38,36,34,34,1
444,5,352,102,102,125,1800,11,38,38,36,36,34,34,1
445,6,102,102,125,1800,11,97,38,36,36,17,34,34,0
446,7,102,125,1800,11,97,1,36,36,17,12,34,34,0
447,8,125,1800,11,97,1,2309,36,17,12,33,34,34,1
448,9,1800,11,97,1,2309,2309,17,12,33,34,34,34,1
449,0,2309,2309,2309,227,1623,6,34,34,38,36,34,34,1
450,1,2309,2309,227,1623,6,307,34,38,36,33,34,34,1
451,2,2309,227,1623,6,307,187,38,36,33,46,34,34,0
452,3,227,1623,6,307,187,98,36,33,46,35,34,34,1
453,4,1623,6,307,187,98,28,33,46,35,36,34,34,1
454,5,6,307,187,98,28,86,46,35,36,44,34,34,1
455,6,307,187,98,28,86,451,35,36,44,46,34,34,1
456,7,187,98,28,86,451,389,36,44,46,36,34,34,1
457,8,98,28,86,451,389,88,44,46,36,36,34,34,1
458,9,28,86,451,389,88,14,46,36,36,36,34,34,1
459,10,86,451,389,88,14,255,36,36,36,38,34,34,1
460,11,451,389,88,14,255,134,36,36,38,37,34,34,1
461,12,389,88,14,255,134,158,36,38,37,24,34,34,1
462,13,88,14,255,134,158,1779,38,37,24,12,34,34,1
463,14,14,255,134,158,1779,30,37,24,12,19,34,34,1
464,15,255,134,158,1779,30,15,24,12,19,19,34,34,0
465,16,134,158,1779,30,15,1545,12,19,19,39,34,34,0
466,17,158,1779,30,15,1545,288,19,19,39,38,34,34,1
467,18,1779,30,15,1545,288,1,19,39,38,36,34,34,1
468,19,30,15,1545,288,1,2309,39,38,36,33,34,34,0
469,20,15,1545,288,1,2309,2309,38,36,33,34,34,34,1
470,0,2309,2309,2309,451,385,6,34,34,36,19,34,34,1
471,1,2309,2309,451,385,6,222,34,36,19,33,34,34,1
472,2,2309,451,385,6,222,215,36,19,33,19,34,34,1
473,3,451,385,6,222,215,59,19,33,19,12,34,34,1
474,4,385,6,222,215,59,634,33,19,12,35,34,34,0
475,5,6,222,215,59,634,96,19,12,35,38,34,34,1
476,6,222,215,59,634,96,0,12,35,38,49,34,34,1
477,7,215,59,634,96,0,425,35,38,49,33,34,34,1
478,8,59,634,96,0,425,217,38,49,33,38,34,34,1
479,9,634,96,0,425,217,59,49,33,38,37,34,34,1
480,10,96,0,425,217,59,88,33,38,37,35,34,34,1
481,11,0,425,217,59,88,28,38,37,35,36,34,34,1
482,12,425,217,59,88,28,634,37,35,36,44,34,34,1
483,13,217,59,88,28,634,132,35,36,44,38,34,34,1
484,14,59,88,28,634,132,432,36,44,38,36,34,34,1
485,15,88,28,634,132,432,4,44,38,36,56,34,34,1
486,16,28,634,132,432,4,2309,38,36,56,33,34,34,1
487,17,634,132,432,4,2309,2309,36,56,33,34,34,34,1
488,0,2309,2309,2309,59,218,890,34,34,35,36,34,34,1
489,1,2309,2309,59,218,890,96,34,35,36,36,34,34,1
490,2,2309,59,218,890,96,158,35,36,36,49,34,34,0
491,3,59,218,890,96,158,1440,36,36,49,12,34,34,1
492,4,218,890,96,158,1440,614,36,49,12,36,34,34,1
493,5,890,96,158,1440,614,466,49,12,36,20,34,34,0
494,6,96,158,1440,614,466,0,12,36,20,42,34,34,1
495,7,158,1440,614,466,0,258,36,20,42,33,34,34,1
496,8,1440,614,466,0,258,1700,20,42,33,46,34,34,1
497,9,614,466,0,258,1700,112,42,33,46,36,34,34,1
498,10,466,0,258,1700,112,133,33,46,36,50,34,34,0
499,11,0,258,1700,112,133,96,46,36,50,19,34,34,1
500,12,258,1700,112,133,96,1,36,50,19,49,34,34,1
501,13,1700,112,133,96,1,2309,50,19,49,33,34,34,0
502,14,112,133,96,1,2309,2309,19,49,33,34,34,34,1
503,0,2309,2309,2309,227,1623,6,34,34,38,36,34,34,1
504,1,2309,2309,227,1623,6,312,34,38,36,33,34,34,1
505,2,2309,227,1623,6,312,1198,38,36,33,17,34,34,0
506,3,227,1623,6,312,1198,326,36,33,17,36,34,34,1
507,4,1623,6,312,1198,326,661,33,17,36,36,34,34,0
508,5,6,312,1198,326,661,0,17,36,36,36,34,34,1
509,6,312,1198,326,661,0,307,36,36,36,33,34,34,1
510,7,1198,326,661,0,307,216,36,36,33,46,34,34,1
511,8,326,661,0,307,216,217,36,33,46,42,34,34,1
512,9,661,0,307,216,217,158,33,46,42,37,34,34,1
513,10,0,307,216,217,158,102,46,42,37,12,34,34,1
514,11,307,216,217,158,102,268,42,37,12,38,34,34,1
515,12,216,217,158,102,268,12,37,12,38,17,34,34,1
516,13,217,158,102,268,12,1440,12,38,17,37,34,34,1
517,14,158,102,268,12,1440,614,38,17,37,36,34,34,1
518,15,102,268,12,1440,614,381,17,37,36,20,34,34,1
519,16,268,12,1440,614,381,0,37,36,20,56,34,34,0
520,17,12,1440,614,381,0,394,36,20,56,33,34,34,1
521,18,1440,614,381,0,394,1258,20,56,33,19,34,34,1
522,19,614,381,0,394,1258,88,56,33,19,19,34,34,1
523,20,381,0,394,1258,88,1440,33,19,19,36,34,34,0
524,21,0,394,1258,88,1440,614,19,19,36,36,34,34,1
525,22,394,1258,88,1440,614,123,19,36,36,20,34,34,1
526,23,1258,88,1440,614,123,96,36,36,20,42,34,34,0
527,24,88,1440,614,123,96,307,36,20,42,49,34,34,1
528,25,1440,614,123,96,307,187,20,42,49,46,34,34,1
529,26,614,123,96,307,187,272,42,49,46,35,34,34,1
530,27,123,96,307,187,272,272,49,46,35,35,34,34,1
531,28,96,307,187,272,272,132,46,35,35,35,34,34,1
532,29,307,187,272,272,132,59,35,35,35,36,34,34,1
533,30,187,272,272,132,59,52,35,35,36,35,34,34,1
534,31,272,272,132,59,52,1,35,36,35,36,34,34,1
535,32,272,132,59,52,1,2309,36,35,36,33,34,34,1
536,33,132,59,52,1,2309,2309,35,36,33,34,34,34,1
537,0,2309,2309,2309,451,385,6,34,34,36,19,34,34,1
538,1,2309,2309,451,385,6,406,34,36,19,33,34,34,1
539,2,2309,451,385,6,406,491,36,19,33,46,34,34,1
540,3,451,385,6,406,491,88,19,33,46,2,34,34,1
541,4,385,6,406,491,88,818,33,46,2,36,34,34,1
542,5,6,406,491,88,818,411,46,2,36,38,34,34,1
543,6,406,491,88,818,411,818,2,36,38,12,34,34,1
544,7,491,88,818,411,818,819,36,38,12,38,34,34,1
545,8,88,818,411,818,819,15,38,12,38,36,34,34,1
546,9,818,411,818,819,15,1,12,38,36,39,34,34,1
547,10,411,818,819,15,1,2309,38,36,39,33,34,34,1
548,11,818,819,15,1,2309,2309,36,39,33,34,34,34,1
549,0,2309,2309,2309,102,96,0,34,34,38,49,34,34,1
550,1,2309,2309,102,96,0,59,34,38,49,33,34,34,1
551,2,2309,102,96,0,59,306,38,49,33,35,34,34,1
552,3,102,96,0,59,306,96,49,33,35,36,34,34,1
553,4,96,0,59,306,96,0,33,35,36,49,34,34,1
554,5,0,59,306,96,0,461,35,36,49,33,34,34,1
555,6,59,306,96,0,461,733,36,49,33,57,34,34,1
556,7,306,96,0,461,733,3,49,33,57,36,34,34,1
557,8,96,0,461,733,3,2309,33,57,36,33,34,34,1
558,9,0,461,733,3,2309,2309,57,36,33,34,34,34,1
559,0,2309,2309,2309,2131,192,129,34,34,42,38,34,34,0
560,1,2309,2309,2131,192,129,6,34,42,38,45,34,34,1
561,2,2309,2131,192,129,6,800,42,38,45,33,34,34,1
562,3,2131,192,129,6,800,102,38,45,33,42,34,34,1
563,4,192,129,6,800,102,3,45,33,42,38,34,34,1
564,5,129,6,800,102,3,2309,33,42,38,33,34,34,1
565,6,6,800,102,3,2309,2309,42,38,33,34,34,34,1
566,0,2309,2309,2309,307,182,148,34,34,46,53,34,34,1
567,1,2309,2309,307,182,148,111,34,46,53,35,34,34,1
568,2,2309,307,182,148,111,180,46,53,35,19,34,34,1
569,3,307,182,148,111,180,158,53,35,19,36,34,34,1
570,4,182,148,111,180,158,1779,35,19,36,12,34,34,1
571,5,148,111,180,158,1779,96,19,36,12,19,34,34,1
572,6,111,180,158,1779,96,1,36,12,19,49,34,34,0
573,7,180,158,1779,96,1,2309,12,19,49,33,34,34,0
574,8,158,1779,96,1,2309,2309,19,49,33,34,34,34,1
575,0,2309,2309,2309,158,1779,15,34,34,12,19,34,34,1
576,1,2309,2309,158,1779,15,73,34,12,19,39,34,34,0
577,2,2309,158,1779,15,73,223,12,19,39,19,34,34,0
578,3,158,1779,15,73,223,59,19,39,19,36,34,34,1
579,4,1779,15,73,223,59,10,39,19,36,35,34,34,0
580,5,15,73,223,59,10,256,19,36,35,36,34,34,1
581,6,73,223,59,10,256,2211,36,35,36,21,34,34,1
582,7,223,59,10,256,2211,103,35,36,21,21,34,34,1
583,8,59,10,256,2211,103,349,36,21,21,46,34,34,0
584,9,10,256,2211,103,349,291,21,21,46,56,34,34,0
585,10,256,2211,103,349,291,2300,21,46,56,36,34,34,1
586,11,2211,103,349,291,2300,0,46,56,36,58,34,34,1
587,12,103,349,291,2300,0,1322,56,36,58,33,34,34,0
588,13,349,291,2300,0,1322,217,36,58,33,47,34,34,1
589,14,291,2300,0,1322,217,97,58,33,47,37,34,34,1
590,15,2300,0,1322,217,97,96,33,47,37,12,34,34,1
591,16,0,1322,217,97,96,14,47,37,12,49,34,34,1
592,17,1322,217,97,96,14,434,37,12,49,38,34,34,1
593,18,217,97,96,14,434,0,12,49,38,19,34,34,1
594,19,97,96,14,434,0,307,49,38,19,33,34,34,1
595,20,96,14,434,0,307,46,38,19,33,46,34,34,1
596,21,14,434,0,307,46,43,19,33,46,36,34,34,1
597,22,434,0,307,46,43,890,33,46,36,19,34,34,1
598,23,0,307,46,43,890,96,46,36,19,36,34,34,1
599,24,307,46,43,890,96,784,36,19,36,49,34,34,0
600,25,46,43,890,96,784,2301,19,36,49,36,34,34,1
601,26,43,890,96,784,2301,0,36,49,36,19,34,34,1
602,27,890,96,784,2301,0,386,49,36,19,33,34,34,0
603,28,96,784,2301,0,386,495,36,19,33,38,34,34,0
604,29,784,2301,0,386,495,106,19,33,38,45,34,34,1
605,30,2301,0,386,495,106,956,33,38,45,35,34,34,0
606,31,0,386,495,106,956,2047,38,45,35,38,34,34,1
607,32,386,495,106,956,2047,96,45,35,38,36,34,34,1
608,33,495,106,956,2047,96,1,35,38,36,49,34,34,0
609,34,106,956,2047,96,1,2309,38,36,49,33,34,34,0
610,35,956,2047,96,1,2309,2309,36,49,33,34,34,34,1
611,0,2309,2309,2309,379,217,97,34,34,42,37,34,34,1
612,1,2309,2309,379,217,97,972,34,42,37,12,34,34,1
613,2,2309,379,217,97,972,0,42,37,12,47,34,34,1
614,3,379,217,97,972,0,307,37,12,47,33,34,34,0
615,4,217,97,972,0,307,210,12,47,33,46,34,34,1
616,5,97,972,0,307,210,717,47,33,46,36,34,34,1
617,6,972,0,307,210,717,1876,33,46,36,36,34,34,1
618,7,0,307,210,717,1876,452,46,36,36,37,34,34,1
619,8,307,210,717,1876,452,1787,36,36,37,36,34,34,0
620,9,210,717,1876,452,1787,96,36,37,36,36,34,34,1
621,10,717,1876,452,1787,96,268,37,36,36,49,34,34,1
622,11,1876,452,1787,96,268,12,36,36,49,17,34,34,1
623,12,452,1787,96,268,12,158,36,49,17,37,34,34,1
624,13,1787,96,268,12,158,1779,49,17,37,12,34,34,0
625,14,96,268,12,158,1779,30,17,37,12,19,34,34,1
626,15,268,12,158,1779,30,0,37,12,19,19,34,34,0
627,16,12,158,1779,30,0,673,12,19,19,33,34,34,0
628,17,158,1779,30,0,673,96,19,19,33,36,34,34,1
629,18,1779,30,0,673,96,289,19,33,36,49,34,34,1
630,19,30,0,673,96,289,11,33,36,49,36,34,34,1
631,20,0,673,96,289,11,97,36,49,36,17,34,34,1
632,21,673,96,289,11,97,1079,49,36,17,12,34,34,1
633,22,96,289,11,97,1079,21,36,17,12,47,34,34,1
634,23,289,11,97,1079,21,30,17,12,47,41,34,34,0
635,24,11,97,1079,21,30,348,12,47,41,19,34,34,1
636,25,97,1079,21,30,348,349,47,41,19,46,34,34,1
637,26,1079,21,30,348,349,179,41,19,46,56,34,34,1
638,27,21,30,348,349,179,158,19,46,56,36,34,34,1
639,28,30,348,349,179,158,1779,46,56,36,12,34,34,1
640,29,348,349,179,158,1779,257,56,36,12,19,34,34,1
641,30,349,179,158,1779,257,267,36,12,19,35,34,34,0
642,31,179,158,1779,257,267,268,12,19,35,38,34,34,0
643,32,158,1779,257,267,268,304,19,35,38,17,34,34,1
644,33,1779,257,267,268,304,269,35,38,17,17,34,34,1
645,34,257,267,268,304,269,15,38,17,17,17,34,34,1
646,35,267,268,304,269,15,141,17,17,17,39,34,34,0
647,36,268,304,269,15,141,1405,17,17,39,36,34,34,1
648,37,304,269,15,141,1405,1,17,39,36,19,34,34,1
649,38,269,15,141,1405,1,2309,39,36,19,33,34,34,0
650,39,15,141,1405,1,2309,2309,36,19,33,34,34,34,1
651,0,2309,2309,2309,541,347,87,34,34,46,36,34,34,1
652,1,2309,2309,541,347,87,57,34,46,36,37,34,34,1
653,2,2309,541,347,87,57,182,46,36,37,46,34,34,1
654,3,541,347,87,57,182,306,36,37,46,53,34,34,1
655,4,347,87,57,182,306,96,37,46,53,36,34,34,1
656,5,87,57,182,306,96,663,46,53,36,49,34,34,1
657,6,57,182,306,96,663,217,53,36,49,17,34,34,1
658,7,182,306,96,663,217,0,36,49,17,37,34,34,1
659,8,306,96,663,217,0,307,49,17,37,33,34,34,0
660,9,96,663,217,0,307,456,17,37,33,46,34,34,1
661,10,663,217,0,307,456,349,37,33,46,46,34,34,1
662,11,217,0,307,456,349,106,33,46,46,56,34,34,1
663,12,0,307,456,349,106,184,46,46,56,35,34,34,1
664,13,307,456,349,106,184,422,46,56,35,36,34,34,1
665,14,456,349,106,184,422,888,56,35,36,36,34,34,1
666,15,349,106,184,422,888,1,35,36,36,36,34,34,1
667,16,106,184,422,888,1,2309,36,36,36,33,34,34,0
668,17,184,422,888,1,2309,2309,36,36,33,34,34,34,1
669,0,2309,2309,2309,484,52,57,34,34,19,36,34,34,1
670,1,2309,2309,484,52,57,182,34,19,36,46,34,34,1
671,2,2309,484,52,57,182,306,19,36,46,53,34,34,1
672,3,484,52,57,182,306,15,36,46,53,36,34,34,1
673,4,52,57,182,306,15,88,46,53,36,39,34,34,1
674,5,57,182,306,15,88,158,53,36,39,36,34,34,1
675,6,182,306,15,88,158,1779,36,39,36,12,34,34,1
676,7,306,15,88,158,1779,286,39,36,12,19,34,34,1
677,8,15,88,158,1779,286,789,36,12,19,19,34,34,0
678,9,88,158,1779,286,789,0,12,19,19,54,34,34,0
679,10,158,1779,286,789,0,59,19,19,54,33,34,34,1
680,11,1779,286,789,0,59,88,19,54,33,35,34,34,1
681,12,286,789,0,59,88,2094,54,33,35,36,34,34,1
682,13,789,0,59,88,2094,502,33,35,36,0,34,34,1
683,14,0,59,88,2094,502,409,35,36,0,36,34,34,0
684,15,59,88,2094,502,409,1,36,0,36,19,34,34,0
685,16,88,2094,502,409,1,2309,0,36,19,33,34,34,1
686,17,2094,502,409,1,2309,2309,36,19,33,34,34,34,1
687,0,2309,2309,2309,307,11,559,34,34,46,17,34,34,1
688,1,2309,2309,307,11,559,189,34,46,17,35,34,34,1
689,2,2309,307,11,559,189,137,46,17,35,24,34,34,0
690,3,307,11,559,189,137,0,17,35,24,24,34,34,1
691,4,11,559,189,137,0,40,35,24,24,33,34,34,1
692,5,559,189,137,0,40,74,24,24,33,24,34,34,1
693,6,189,137,0,40,74,335,24,33,24,12,34,34,1
694,7,137,0,40,74,335,306,33,24,12,19,34,34,1
695,8,0,40,74,335,306,286,24,12,19,36,34,34,1
696,9,40,74,335,306,286,789,12,19,36,19,34,34,1
697,10,74,335,306,286,789,15,19,36,19,54,34,34,1
698,11,335,306,286,789,15,30,36,19,54,39,34,34,1
699,12,306,286,789,15,30,59,19,54,39,19,34,34,1
700,13,286,789,15,30,59,112,54,39,19,35,34,34,1
701,14,789,15,30,59,112,88,39,19,35,50,34,34,1
702,15,15,30,59,112,88,277,19,35,50,36,34,34,1
703,16,30,59,112,88,277,119,35,50,36,36,34,34,1
704,17,59,112,88,277,119,59,50,36,36,19,34,34,1
705,18,112,88,277,119,59,7,36,36,19,35,34,34,1
706,19,88,277,119,59,7,2079,36,19,35,35,34,34,0
707,20,277,119,59,7,2079,1456,19,35,35,19,34,34,1
708,21,119,59,7,2079,1456,0,35,35,19,36,34,34,1
709,22,59,7,2079,1456,0,69,35,19,36,33,34,34,0
710,23,7,2079,1456,0,69,10,19,36,33,35,34,34,1
711,24,2079,1456,0,69,10,583,36,33,35,36,34,34,1
712,25,1456,0,69,10,583,335,33,35,36,21,34,34,1
713,26,0,69,10,583,335,30,35,36,21,19,34,34,1
714,27,69,10,583,335,30,306,36,21,19,19,34,34,0
715,28,10,583,335,30,306,2005,21,19,19,36,34,34,1
716,29,583,335,30,306,2005,35,19,19,36,14,34,34,1
717,30,335,30,306,2005,35,161,19,36,14,19,34,34,0
718,31,30,306,2005,35,161,2302,36,14,19,36,34,34,0
719,32,306,2005,35,161,2302,1178,14,19,36,21,34,34,1
720,33,2005,35,161,2302,1178,44,19,36,21,35,34,34,0
721,34,35,161,2302,1178,44,119,36,21,35,37,34,34,0
722,35,161,2302,1178,44,119,2,21,35,37,19,34,34,1
723,36,2302,1178,44,119,2,2136,35,37,19,33,34,34,1
724,37,1178,44,119,2,2136,1524,37,19,33,14,34,34,1
725,38,44,119,2,2136,1524,1297,19,33,14,19,34,34,1
726,39,119,2,2136,1524,1297,44,33,14,19,37,34,34,0
727,40,2,2136,1524,1297,44,119,14,19,37,37,34,34,1
728,41,2136,1524,1297,44,119,2,19,37,37,19,34,34,1
729,42,1524,1297,44,119,2,482,37,37,19,33,34,34,1
730,43,1297,44,119,2,482,286,37,19,33,21,34,34,1
731,44,44,119,2,482,286,44,19,33,21,19,34,34,1
732,45,119,2,482,286,44,119,33,21,19,37,34,34,0
733,46,2,482,286,44,119,234,21,19,37,19,34,34,1
734,47,482,286,44,119,234,234,19,37,19,52,34,34,1
735,48,286,44,119,234,234,1,37,19,52,52,34,34,1
736,49,44,119,234,234,1,2309,19,52,52,33,34,34,1
737,50,119,234,234,1,2309,2309,52,52,33,34,34,34,1
738,0,2309,2309,2309,299,184,673,34,34,35,36,34,34,1
739,1,2309,2309,299,184,673,180,34,35,36,36,34,34,1
740,2,2309,299,184,673,180,0,35,36,36,36,34,34,1
741,3,299,184,673,180,0,158,36,36,36,33,34,34,1
742,4,184,673,180,0,158,1779,36,36,33,12,34,34,1
743,5,673,180,0,158,1779,286,36,33,12,19,34,34,1
744,6,180,0,158,1779,286,789,33,12,19,19,34,34,0
745,7,0,158,1779,286,789,120,12,19,19,54,34,34,0
746,8,158,1779,286,789,120,2094,19,19,54,3,34,34,1
747,9,1779,286,789,120,2094,502,19,54,3,0,34,34,1
748,10,286,789,120,2094,502,409,54,3,0,36,34,34,0
749,11,789,120,2094,502,409,423,3,0,36,19,34,34,0
750,12,120,2094,502,409,423,559,0,36,19,38,34,34,1
751,13,2094,502,409,423,559,69,36,19,38,35,34,34,1
752,14,502,409,423,559,69,88,19,38,35,35,34,34,1
753,15,409,423,559,69,88,355,38,35,35,36,34,34,1
754,16,423,559,69,88,355,345,35,35,36,17,34,34,1
755,17,559,69,88,355,345,59,35,36,17,17,34,34,1
756,18,69,88,355,345,59,472,36,17,17,35,34,34,0
757,19,88,355,345,59,472,15,17,17,35,24,34,34,1
758,20,355,345,59,472,15,719,17,35,24,39,34,34,1
759,21,345,59,472,15,719,789,35,24,39,45,34,34,1
760,22,59,472,15,719,789,1,24,39,45,54,34,34,1
761,23,472,15,719,789,1,2309,39,45,54,33,34,34,0
762,24,15,719,789,1,2309,2309,45,54,33,34,34,34,1
763,0,2309,2309,2309,2131,192,129,34,34,42,38,34,34,0
764,1,2309,2309,2131,192,129,0,34,42,38,45,34,34,1
765,2,2309,2131,192,129,0,307,42,38,45,33,34,34,1
766,3,2131,192,129,0,307,98,38,45,33,46,34,34,1
767,4,192,129,0,307,98,28,45,33,46,36,34,34,1
768,5,129,0,307,98,28,204,33,46,36,44,34,34,1
769,6,0,307,98,28,204,205,46,36,44,24,34,34,1
770,7,307,98,28,204,205,15,36,44,24,46,34,34,1
771,8,98,28,204,205,15,74,44,24,46,39,34,34,1
772,9,28,204,205,15,74,35,24,46,39,12,34,34,1
773,10,204,205,15,74,35,590,46,39,12,19,34,34,1
774,11,205,15,74,35,590,316,39,12,19,38,34,34,1
775,12,15,74,35,590,316,96,12,19,38,19,34,34,1
776,13,74,35,590,316,96,0,19,38,19,49,34,34,1
777,14,35,590,316,96,0,348,38,19,49,33,34,34,1
778,15,590,316,96,0,348,349,19,49,33,46,34,34,1
779,16,316,96,0,348,349,206,49,33,46,56,34,34,1
780,17,96,0,348,349,206,381,33,46,56,36,34,34,1
781,18,0,348,349,206,381,4,46,56,36,56,34,34,1
782,19,348,349,206,381,4,2309,56,36,56,33,34,34,1
783,20,349,206,381,4,2309,2309,36,56,33,34,34,34,1
784,0,2309,2309,2309,306,180,335,34,34,36,36,34,34,1
785,1,2309,2309,306,180,335,1583,34,36,36,19,34,34,1
786,2,2309,306,180,335,1583,1405,36,36,19,45,34,34,1
787,3,306,180,335,1583,1405,14,36,19,45,19,34,34,1
788,4,180,335,1583,1405,14,106,19,45,19,38,34,34,0
789,5,335,1583,1405,14,106,329,45,19,38,35,34,34,1
790,6,1583,1405,14,106,329,0,19,38,35,19,34,34,1
791,7,1405,14,106,329,0,307,38,35,19,33,34,34,1
792,8,14,106,329,0,307,69,35,19,33,46,34,34,1
793,9,106,329,0,307,69,224,19,33,46,35,34,34,1
794,10,329,0,307,69,224,673,33,46,35,36,34,34,1
795,11,0,307,69,224,673,180,46,35,36,36,34,34,1
796,12,307,69,224,673,180,2302,35,36,36,36,34,34,0
797,13,69,224,673,180,2302,1178,36,36,36,21,34,34,1
798,14,224,673,180,2302,1178,1,36,36,21,35,34,34,1
799,15,673,180,2302,1178,1,2309,36,21,35,33,34,34,0
800,16,180,2302,1178,1,2309,2309,21,35,33,34,34,34,1
801,0,2309,2309,2309,40,2302,1178,34,34,24,21,34,34,1
802,1,2309,2309,40,2302,1178,0,34,24,21,35,34,34,1
803,2,2309,40,2302,1178,0,362,24,21,35,33,34,34,0
804,3,40,2302,1178,0,362,254,21,35,33,36,34,34,1
805,4,2302,1178,0,362,254,88,35,33,36,42,34,34,1
806,5,1178,0,362,254,88,40,33,36,42,36,34,34,1
807,6,0,362,254,88,40,408,36,42,36,24,34,34,1
808,7,362,254,88,40,408,2303,42,36,24,19,34,34,1
809,8,254,88,40,408,2303,411,36,24,19,19,34,34,1
810,9,88,40,408,2303,411,2,24,19,19,12,34,34,0
811,10,40,408,2303,411,2,14,19,19,12,33,34,34,0
812,11,408,2303,411,2,14,2304,19,12,33,38,34,34,1
813,12,2303,411,2,14,2304,158,12,33,38,19,34,34,1
814,13,411,2,14,2304,158,0,33,38,19,12,34,34,0
815,14,2,14,2304,158,0,259,38,19,12,33,34,34,0
816,15,14,2304,158,0,259,88,19,12,33,35,34,34,1
817,16,2304,158,0,259,88,40,12,33,35,36,34,34,1
818,17,158,0,259,88,40,207,33,35,36,24,34,34,1
819,18,0,259,88,40,207,2059,35,36,24,19,34,34,1
820,19,259,88,40,207,2059,411,36,24,19,20,34,34,1
821,20,88,40,207,2059,411,0,24,19,20,12,34,34,0
822,21,40,207,2059,411,0,406,19,20,12,33,34,34,0
823,22,207,2059,411,0,406,106,20,12,33,46,34,34,1
824,23,2059,411,0,406,106,451,12,33,46,35,34,34,1
825,24,411,0,406,106,451,189,33,46,35,36,34,34,1
826,25,0,406,106,451,189,288,46,35,36,24,34,34,1
827,26,406,106,451,189,288,180,35,36,24,36,34,34,1
828,27,106,451,189,288,180,52,36,24,36,36,34,34,1
829,28,451,189,288,180,52,204,24,36,36,36,34,34,1
830,29,189,288,180,52,204,302,36,36,36,24,34,34,1
831,30,288,180,52,204,302,360,36,36,24,19,34,34,1
832,31,180,52,204,302,360,1554,36,24,19,19,34,34,0
833,32,52,204,302,360,1554,21,24,19,19,46,34,34,1
834,33,204,302,360,1554,21,15,19,19,46,41,34,34,0
835,34,302,360,1554,21,15,30,19,46,41,39,34,34,1
836,35,360,1554,21,15,30,182,46,41,39,19,34,34,1
837,36,1554,21,15,30,182,0,41,39,19,53,34,34,1
838,37,21,15,30,182,0,422,39,19,53,33,34,34,1
839,38,15,30,182,0,422,180,19,53,33,36,34,34,1
840,39,30,182,0,422,180,59,53,33,36,36,34,34,1
841,40,182,0,422,180,59,472,33,36,36,35,34,34,1
842,41,0,422,180,59,472,335,36,36,35,24,34,34,1
843,42,422,180,59,472,335,255,36,35,24,19,34,34,1
844,43,180,59,472,335,255,15,35,24,19,37,34,34,0
845,44,59,472,335,255,15,719,24,19,37,39,34,34,1
846,45,472,335,255,15,719,789,19,37,39,45,34,34,1
847,46,335,255,15,719,789,1,37,39,45,54,34,34,1
848,47,255,15,719,789,1,2309,39,45,54,33,34,34,0
849,48,15,719,789,1,2309,2309,45,54,33,34,34,34,1
850,0,2309,2309,2309,158,1779,161,34,34,12,19,34,34,1
851,1,2309,2309,158,1779,161,560,34,12,19,36,34,34,0
852,2,2309,158,1779,161,560,264,12,19,36,57,34,34,0
853,3,158,1779,161,560,264,15,19,36,57,37,34,34,1
854,4,1779,161,560,264,15,248,36,57,37,39,34,34,1
855,5,161,560,264,15,248,249,57,37,39,36,34,34,1
856,6,560,264,15,248,249,2,37,39,36,36,34,34,1
857,7,264,15,248,249,2,27,39,36,36,33,34,34,1
858,8,15,248,249,2,27,1440,36,36,33,19,34,34,1
859,9,248,249,2,27,1440,15,36,33,19,36,34,34,1
860,10,249,2,27,1440,15,2165,33,19,36,39,34,34,0
861,11,2,27,1440,15,2165,275,19,36,39,19,34,34,1
862,12,27,1440,15,2165,275,2304,36,39,19,19,34,34,1
863,13,1440,15,2165,275,2304,189,39,19,19,19,34,34,1
864,14,15,2165,275,2304,189,284,19,19,19,24,34,34,1
865,15,2165,275,2304,189,284,1139,19,19,24,3,34,34,0
866,16,275,2304,189,284,1139,359,19,24,3,19,34,34,1
867,17,2304,189,284,1139,359,15,24,3,19,37,34,34,0
868,18,189,284,1139,359,15,336,3,19,37,39,34,34,0
869,19,284,1139,359,15,336,335,19,37,39,12,34,34,1
870,20,1139,359,15,336,335,2066,37,39,12,19,34,34,1
871,21,359,15,336,335,2066,275,39,12,19,19,34,34,1
872,22,15,336,335,2066,275,120,12,19,19,19,34,34,0
873,23,336,335,2066,275,120,207,19,19,19,3,34,34,0
874,24,335,2066,275,120,207,2059,19,19,3,19,34,34,1
875,25,2066,275,120,207,2059,0,19,3,19,20,34,34,1
876,26,275,120,207,2059,0,40,3,19,20,33,34,34,0
877,27,120,207,2059,0,40,74,19,20,33,24,34,34,0
878,28,207,2059,0,40,74,335,20,33,24,12,34,34,1
879,29,2059,0,40,74,335,30,33,24,12,19,34,34,1
880,30,0,40,74,335,30,15,24,12,19,19,34,34,0
881,31,40,74,335,30,15,61,12,19,19,39,34,34,1
882,32,74,335,30,15,61,411,19,19,39,19,34,34,1
883,33,335,30,15,61,411,0,19,39,19,12,34,34,1
884,34,30,15,61,411,0,158,39,19,12,33,34,34,0
885,35,15,61,411,0,158,1779,19,12,33,12,34,34,0
886,36,61,411,0,158,1779,69,12,33,12,19,34,34,1
887,37,411,0,158,1779,69,88,33,12,19,35,34,34,0
888,38,0,158,1779,69,88,11,12,19,35,36,34,34,0
889,39,158,1779,69,88,11,12,19,35,36,17,34,34,1
890,40,1779,69,88,11,12,10,35,36,17,37,34,34,1
891,41,69,88,11,12,10,2302,36,17,37,36,34,34,0
892,42,88,11,12,10,2302,1178,17,37,36,21,34,34,1
893,43,11,12,10,2302,1178,86,37,36,21,35,34,34,1
894,44,12,10,2302,1178,86,375,36,21,35,46,34,34,0
895,45,10,2302,1178,86,375,15,21,35,46,19,34,34,1
896,46,2302,1178,86,375,15,335,35,46,19,39,34,34,1
897,47,1178,86,375,15,335,1583,46,19,39,19,34,34,0
898,48,86,375,15,335,1583,1405,19,39,19,45,34,34,1
899,49,375,15,335,1583,1405,14,39,19,45,19,34,34,1
900,50,15,335,1583,1405,14,106,19,45,19,38,34,34,0
901,51,335,1583,1405,14,106,329,45,19,38,35,34,34,1
902,52,1583,1405,14,106,329,1,19,38,35,19,34,34,1
903,53,1405,14,106,329,1,2309,38,35,19,33,34,34,0
904,54,14,106,329,1,2309,2309,35,19,33,34,34,34,1
905,0,2309,2309,2309,158,1779,30,34,34,12,19,34,34,1
906,1,2309,2309,158,1779,30,485,34,12,19,19,34,34,0
907,2,2309,158,1779,30,485,307,12,19,19,24,34,34,0
908,3,158,1779,30,485,307,15,19,19,24,46,34,34,1
909,4,1779,30,485,307,15,1896,19,24,46,39,34,34,0
910,5,30,485,307,15,1896,2105,24,46,39,36,34,34,1
911,6,485,307,15,1896,2105,88,46,39,36,19,34,34,1
912,7,307,15,1896,2105,88,57,39,36,19,36,34,34,0
913,8,15,1896,2105,88,57,182,36,19,36,46,34,34,1
914,9,1896,2105,88,57,182,197,19,36,46,53,34,34,1
915,10,2105,88,57,182,197,40,36,46,53,42,34,34,1
916,11,88,57,182,197,40,361,46,53,42,24,34,34,1
917,12,57,182,197,40,361,204,53,42,24,42,34,34,1
918,13,182,197,40,361,204,205,42,24,42,24,34,34,1
919,14,197,40,361,204,205,15,24,42,24,46,34,34,1
920,15,40,361,204,205,15,336,42,24,46,39,34,34,1
921,16,361,204,205,15,336,974,24,46,39,12,34,34,1
922,17,204,205,15,336,974,0,46,39,12,36,34,34,1
923,18,205,15,336,974,0,134,39,12,36,33,34,34,0
924,19,15,336,974,0,134,203,12,36,33,24,34,34,1
925,20,336,974,0,134,203,271,36,33,24,42,34,34,1
926,21,974,0,134,203,271,272,33,24,42,55,34,34,1
927,22,0,134,203,271,272,897,24,42,55,35,34,34,1
928,23,134,203,271,272,897,517,42,55,35,36,34,34,1
929,24,203,271,272,897,517,1,55,35,36,35,34,34,1
930,25,271,272,897,517,1,2309,35,36,35,33,34,34,0
931,26,272,897,517,1,2309,2309,36,35,33,34,34,34,1
932,0,2309,2309,2309,161,30,306,34,34,36,19,34,34,1
933,1,2309,2309,161,30,306,158,34,36,19,36,34,34,1
934,2,2309,161,30,306,158,1779,36,19,36,12,34,34,0
935,3,161,30,306,158,1779,30,19,36,12,19,34,34,1
936,4,30,306,158,1779,30,451,36,12,19,19,34,34,0
937,5,306,158,1779,30,451,189,12,19,19,36,34,34,0
938,6,158,1779,30,451,189,439,19,19,36,24,34,34,1
939,7,1779,30,451,189,439,28,19,36,24,38,34,34,1
940,8,30,451,189,439,28,59,36,24,38,44,34,34,1
941,9,451,189,439,28,59,758,24,38,44,35,34,34,1
942,10,189,439,28,59,758,759,38,44,35,36,34,34,1
943,11,439,28,59,758,759,0,44,35,36,36,34,34,1
944,12,28,59,758,759,0,59,35,36,36,33,34,34,1
945,13,59,758,759,0,59,389,36,36,33,35,34,34,1
946,14,758,759,0,59,389,203,36,33,35,36,34,34,1
947,15,759,0,59,389,203,28,33,35,36,42,34,34,1
948,16,0,59,389,203,28,59,35,36,42,44,34,34,1
949,17,59,389,203,28,59,758,36,42,44,35,34,34,1
950,18,389,203,28,59,758,759,42,44,35,36,34,34,1
951,19,203,28,59,758,759,1,44,35,36,36,34,34,1
952,20,28,59,758,759,1,2309,35,36,36,33,34,34,0
953,21,59,758,759,1,2309,2309,36,36,33,34,34,34,1
954,0,2309,2309,2309,226,488,0,34,34,46,19,34,34,1
955,1,2309,2309,226,488,0,216,34,46,19,33,34,34,1
956,2,2309,226,488,0,216,12,46,19,33,42,34,34,0
957,3,226,488,0,216,12,1163,19,33,42,37,34,34,1
958,4,488,0,216,12,1163,329,33,42,37,19,34,34,1
959,5,0,216,12,1163,329,15,42,37,19,19,34,34,1
960,6,216,12,1163,329,15,30,37,19,19,39,34,34,0
961,7,12,1163,329,15,30,106,19,19,39,19,34,34,1
962,8,1163,329,15,30,106,161,19,39,19,35,34,34,1
963,9,329,15,30,106,161,204,39,19,35,36,34,34,1
964,10,15,30,106,161,204,205,19,35,36,24,34,34,1
965,11,30,106,161,204,205,797,35,36,24,46,34,34,1
966,12,106,161,204,205,797,191,36,24,46,38,34,34,1
967,13,161,204,205,797,191,15,24,46,38,54,34,34,1
968,14,204,205,797,191,15,286,46,38,54,39,34,34,1
969,15,205,797,191,15,286,50,38,54,39,19,34,34,1
970,16,797,191,15,286,50,0,54,39,19,19,34,34,1
971,17,191,15,286,50,0,310,39,19,19,33,34,34,0
972,18,15,286,50,0,310,286,19,19,33,24,34,34,1
973,19,286,50,0,310,286,306,19,33,24,19,34,34,1
974,20,50,0,310,286,306,2206,33,24,19,36,34,34,0
975,21,0,310,286,306,2206,481,24,19,36,38,34,34,1
976,22,310,286,306,2206,481,30,19,36,38,21,34,34,1
977,23,286,306,2206,481,30,134,36,38,21,19,34,34,0
978,24,306,2206,481,30,134,460,38,21,19,24,34,34,1
979,25,2206,481,30,134,460,69,21,19,24,36,34,34,1
980,26,481,30,134,460,69,392,19,24,36,35,34,34,1
981,27,30,134,460,69,392,258,24,36,35,35,34,34,1
982,28,134,460,69,392,258,897,36,35,35,46,34,34,1
983,29,460,69,392,258,897,517,35,35,46,36,34,34,1
984,30,69,392,258,897,517,1,35,46,36,35,34,34,1
985,31,392,258,897,517,1,2309,46,36,35,33,34,34,0
986,32,258,897,517,1,2309,2309,36,35,33,34,34,34,1
987,0,2309,2309,2309,172,155,259,34,34,52,12,34,34,1
988,1,2309,2309,172,155,259,422,34,52,12,35,34,34,1
989,2,2309,172,155,259,422,306,52,12,35,36,34,34,0
990,3,172,155,259,422,306,158,12,35,36,36,34,34,1
991,4,155,259,422,306,158,1779,35,36,36,12,34,34,1
992,5,259,422,306,158,1779,30,36,36,12,19,34,34,1
993,6,422,306,158,1779,30,310,36,12,19,19,34,34,0
994,7,306,158,1779,30,310,1153,12,19,19,24,34,34,0
995,8,158,1779,30,310,1153,221,19,19,24,42,34,34,1
996,9,1779,30,310,1153,221,73,19,24,42,38,34,34,0
997,10,30,310,1153,221,73,0,24,42,38,19,34,34,1
998,11,310,1153,221,73,0,307,42,38,19,33,34,34,1
999,12,1153,221,73,0,307,204,38,19,33,46,34,34,1
1000,13,221,73,0,307,204,205,19,33,46,24,34,34,1
1001,14,73,0,307,204,205,15,33,46,24,46,34,34,1
1002,15,0,307,204,205,15,111,46,24,46,39,34,34,1
1003,16,307,204,205,15,111,2006,24,46,39,19,34,34,1
1004,17,204,205,15,111,2006,88,46,39,19,19,34,34,1
1005,18,205,15,111,2006,88,210,39,19,19,36,34,34,0
1006,19,15,111,2006,88,210,158,19,19,36,36,34,34,0
1007,20,111,2006,88,210,158,1779,19,36,36,12,34,34,1
1008,21,2006,88,210,158,1779,15,36,36,12,19,34,34,1
1009,22,88,210,158,1779,15,462,36,12,19,39,34,34,0
1010,23,210,158,1779,15,462,2305,12,19,39,19,34,34,0
1011,24,158,1779,15,462,2305,391,19,39,19,45,34,34,1
1012,25,1779,15,462,2305,391,1574,39,19,45,19,34,34,0
1013,26,15,462,2305,391,1574,367,19,45,19,24,34,34,1
1014,27,462,2305,391,1574,367,460,45,19,24,46,34,34,1
1015,28,2305,391,1574,367,460,59,19,24,46,36,34,34,0
1016,29,391,1574,367,460,59,2306,24,46,36,35,34,34,1
1017,30,1574,367,460,59,2306,0,46,36,35,38,34,34,1
1018,31,367,460,59,2306,0,358,36,35,38,33,34,34,0
1019,32,460,59,2306,0,358,59,35,38,33,38,34,34,0
1020,33,59,2306,0,358,59,312,38,33,38,35,34,34,1
1021,34,2306,0,358,59,312,216,33,38,35,17,34,34,1
1022,35,0,358,59,312,216,12,38,35,17,42,34,34,1
1023,36,358,59,312,216,12,240,35,17,42,37,34,34,1
1024,37,59,312,216,12,240,235,17,42,37,19,34,34,1
1025,38,312,216,12,240,235,106,42,37,19,19,34,34,1
1026,39,216,12,240,235,106,88,37,19,19,35,34,34,0
1027,40,12,240,235,106,88,903,19,19,35,36,34,34,1
1028,41,240,235,106,88,903,38,19,35,36,37,34,34,1
1029,42,235,106,88,903,38,14,35,36,37,45,34,34,1
1030,43,106,88,903,38,14,1262,36,37,45,38,34,34,1
1031,44,88,903,38,14,1262,110,37,45,38,19,34,34,1
1032,45,903,38,14,1262,110,1,45,38,19,38,34,34,0
1033,46,38,14,1262,110,1,2309,38,19,38,33,34,34,0
1034,47,14,1262,110,1,2309,2309,19,38,33,34,34,34,1
1035,0,2309,2309,2309,451,88,158,34,34,36,36,34,34,1
1036,1,2309,2309,451,88,158,1779,34,36,36,12,34,34,1
1037,2,2309,451,88,158,1779,30,36,36,12,19,34,34,1
1038,3,451,88,158,1779,30,183,36,12,19,19,34,34,0
1039,4,88,158,1779,30,183,59,12,19,19,3,34,34,0
1040,5,158,1779,30,183,59,98,19,19,3,35,34,34,1
1041,6,1779,30,183,59,98,28,19,3,35,36,34,34,0
1042,7,30,183,59,98,28,57,3,35,36,44,34,34,1
1043,8,183,59,98,28,57,182,35,36,44,46,34,34,1
1044,9,59,98,28,57,182,221,36,44,46,53,34,34,1
1045,10,98,28,57,182,221,73,44,46,53,38,34,34,1
1046,11,28,57,182,221,73,0,46,53,38,19,34,34,1
1047,12,57,182,221,73,0,57,53,38,19,33,34,34,1
1048,13,182,221,73,0,57,182,38,19,33,46,34,34,1
1049,14,221,73,0,57,182,98,19,33,46,53,34,34,1
1050,15,73,0,57,182,98,28,33,46,53,36,34,34,1
1051,16,0,57,182,98,28,103,46,53,36,44,34,34,1
1052,17,57,182,98,28,103,375,53,36,44,46,34,34,1
1053,18,182,98,28,103,375,460,36,44,46,19,34,34,1
1054,19,98,28,103,375,460,290,44,46,19,36,34,34,1
1055,20,28,103,375,460,290,897,46,19,36,35,34,34,0
1056,21,103,375,460,290,897,517,19,36,35,36,34,34,1
1057,22,375,460,290,897,517,1,36,35,36,35,34,34,1
1058,23,460,290,897,517,1,2309,35,36,35,33,34,34,0
1059,24,290,897,517,1,2309,2309,36,35,33,34,34,34,1
1060,0,2309,2309,2309,827,323,158,34,34,36,24,34,34,1
1061,1,2309,2309,827,323,158,1779,34,36,24,12,34,34,1
1062,2,2309,827,323,158,1779,30,36,24,12,19,34,34,1
1063,3,827,323,158,1779,30,179,24,12,19,19,34,34,0
1064,4,323,158,1779,30,179,59,12,19,19,36,34,34,0
1065,5,158,1779,30,179,59,132,19,19,36,35,34,34,1
1066,6,1779,30,179,59,132,336,19,36,35,36,34,34,1
1067,7,30,179,59,132,336,21,36,35,36,12,34,34,1
1068,8,179,59,132,336,21,30,35,36,12,41,34,34,1
1069,9,59,132,336,21,30,86,36,12,41,19,34,34,1
1070,10,132,336,21,30,86,12,12,41,19,46,34,34,1
1071,11,336,21,30,86,12,394,41,19,46,37,34,34,1
1072,12,21,30,86,12,394,1258,19,46,37,19,34,34,1
1073,13,30,86,12,394,1258,0,46,37,19,19,34,34,1
1074,14,86,12,394,1258,0,14,37,19,19,33,34,34,0
1075,15,12,394,1258,0,14,255,19,19,33,38,34,34,0
1076,16,394,1258,0,14,255,15,19,33,38,37,34,34,1
1077,17,1258,0,14,255,15,179,33,38,37,39,34,34,1
1078,18,0,14,255,15,179,346,38,37,39,36,34,34,1
1079,19,14,255,15,179,346,106,37,39,36,14,34,34,1
1080,20,255,15,179,346,106,358,39,36,14,35,34,34,1
1081,21,15,179,346,106,358,59,36,14,35,38,34,34,1
1082,22,179,346,106,358,59,312,14,35,38,35,34,34,1
1083,23,346,106,358,59,312,1,35,38,35,17,34,34,1
1084,24,106,358,59,312,1,2309,38,35,17,33,34,34,0
1085,25,358,59,312,1,2309,2309,35,17,33,34,34,34,1
1086,0,2309,2309,2309,40,2122,158,34,34,24,19,34,34,1
1087,1,2309,2309,40,2122,158,0,34,24,19,12,34,34,1
1088,2,2309,40,2122,158,0,2279,24,19,12,33,34,34,0
1089,3,40,2122,158,0,2279,254,19,12,33,36,34,34,1
1090,4,2122,158,0,2279,254,257,12,33,36,42,34,34,0
1091,5,158,0,2279,254,257,312,33,36,42,35,34,34,0
1092,6,0,2279,254,257,312,15,36,42,35,17,34,34,1
1093,7,2279,254,257,312,15,69,42,35,17,39,34,34,0
1094,8,254,257,312,15,69,88,35,17,39,35,34,34,1
1095,9,257,312,15,69,88,256,17,39,35,36,34,34,1
1096,10,312,15,69,88,256,2211,39,35,36,21,34,34,1
1097,11,15,69,88,256,2211,30,35,36,21,21,34,34,1
1098,12,69,88,256,2211,30,120,36,21,21,19,34,34,0
1099,13,88,256,2211,30,120,158,21,21,19,3,34,34,0
1100,14,256,2211,30,120,158,1779,21,19,3,12,34,34,1
1101,15,2211,30,120,158,1779,30,19,3,12,19,34,34,1
1102,16,30,120,158,1779,30,137,3,12,19,19,34,34,0
1103,17,120,158,1779,30,137,456,12,19,19,24,34,34,0
1104,18,158,1779,30,137,456,349,19,19,24,46,34,34,1
1105,19,1779,30,137,456,349,1849,19,24,46,56,34,34,0
1106,20,30,137,456,349,1849,922,24,46,56,35,34,34,1
1107,21,137,456,349,1849,922,179,46,56,35,36,34,34,1
1108,22,456,349,1849,922,179,59,56,35,36,36,34,34,0
1109,23,349,1849,922,179,59,132,35,36,36,35,34,34,1
1110,24,1849,922,179,59,132,1,36,36,35,36,34,34,1
1111,25,922,179,59,132,1,2309,36,35,36,33,34,34,1
1112,26,179,59,132,1,2309,2309,35,36,33,34,34,34,1
1113,0,2309,2309,2309,256,2211,30,34,34,21,21,34,34,1
1114,1,2309,2309,256,2211,30,179,34,21,21,19,34,34,0
1115,2,2309,256,2211,30,179,59,21,21,19,36,34,34,0
1116,3,256,2211,30,179,59,132,21,19,36,35,34,34,1
1117,4,2211,30,179,59,132,158,19,36,35,36,34,34,1
1118,5,30,179,59,132,158,1779,36,35,36,12,34,34,1
1119,6,179,59,132,158,1779,30,35,36,12,19,34,34,1
1120,7,59,132,158,1779,30,0,36,12,19,19,34,34,0
1121,8,132,158,1779,30,0,88,12,19,19,33,34,34,0
1122,9,158,1779,30,0,88,265,19,19,33,36,34,34,1
1123,10,1779,30,0,88,265,137,19,33,36,24,34,34,1
1124,11,30,0,88,265,137,74,33,36,24,24,34,34,1
1125,12,0,88,265,137,74,335,36,24,24,12,34,34,1
1126,13,88,265,137,74,335,15,24,24,12,19,34,34,1
1127,14,265,137,74,335,15,2065,24,12,19,39,34,34,0
1128,15,137,74,335,15,2065,1722,12,19,39,19,34,34,1
1129,16,74,335,15,2065,1722,74,19,39,19,36,34,34,1
1130,17,335,15,2065,1722,74,385,39,19,36,12,34,34,0
1131,18,15,2065,1722,74,385,120,19,36,12,19,34,34,1
1132,19,2065,1722,74,385,120,35,36,12,19,3,34,34,1
1133,20,1722,74,385,120,35,1405,12,19,3,19,34,34,0
1134,21,74,385,120,35,1405,74,19,3,19,19,34,34,1
1135,22,385,120,35,1405,74,385,3,19,19,12,34,34,0
1136,23,120,35,1405,74,385,106,19,19,12,19,34,34,0
1137,24,35,1405,74,385,106,40,19,12,19,35,34,34,1
1138,25,1405,74,385,106,40,256,12,19,35,24,34,34,1
1139,26,74,385,106,40,256,2211,19,35,24,21,34,34,1
1140,27,385,106,40,256,2211,1,35,24,21,21,34,34,1
1141,28,106,40,256,2211,1,2309,24,21,21,33,34,34,0
1142,29,40,256,2211,1,2309,2309,21,21,33,34,34,34,1
1143,0,2309,2309,2309,158,1779,30,34,34,12,19,34,34,1
1144,1,2309,2309,158,1779,30,179,34,12,19,19,34,34,0
1145,2,2309,158,1779,30,179,59,12,19,19,36,34,34,0
1146,3,158,1779,30,179,59,132,19,19,36,35,34,34,1
1147,4,1779,30,179,59,132,256,19,36,35,36,34,34,1
1148,5,30,179,59,132,256,2211,36,35,36,21,34,34,1
1149,6,179,59,132,256,2211,30,35,36,21,21,34,34,1
1150,7,59,132,256,2211,30,0,36,21,21,19,34,34,0
1151,8,132,256,2211,30,0,88,21,21,19,33,34,34,0
1152,9,256,2211,30,0,88,265,21,19,33,36,34,34,1
1153,10,2211,30,0,88,265,137,19,33,36,24,34,34,1
1154,11,30,0,88,265,137,158,33,36,24,24,34,34,1
1155,12,0,88,265,137,158,1779,36,24,24,12,34,34,1
1156,13,88,265,137,158,1779,88,24,24,12,19,34,34,1
1157,14,265,137,158,1779,88,257,24,12,19,36,34,34,0
1158,15,137,158,1779,88,257,222,12,19,36,35,34,34,0
1159,16,158,1779,88,257,222,1608,19,36,35,19,34,34,1
1160,17,1779,88,257,222,1608,2,36,35,19,35,34,34,1
1161,18,88,257,222,1608,2,277,35,19,35,33,34,34,0
1162,19,257,222,1608,2,277,278,19,35,33,36,34,34,1
1163,20,222,1608,2,277,278,15,35,33,36,36,34,34,1
1164,21,1608,2,277,278,15,1163,33,36,36,39,34,34,0
1165,22,2,277,278,15,1163,329,36,36,39,19,34,34,1
1166,23,277,278,15,1163,329,1,36,39,19,19,34,34,1
1167,24,278,15,1163,329,1,2309,39,19,19,33,34,34,0
1168,25,15,1163,329,1,2309,2309,19,19,33,34,34,34,1
1169,0,2309,2309,2309,11,12,158,34,34,17,37,34,34,1
1170,1,2309,2309,11,12,158,1779,34,17,37,12,34,34,1
1171,2,2309,11,12,158,1779,15,17,37,12,19,34,34,1
1172,3,11,12,158,1779,15,1419,37,12,19,39,34,34,0
1173,4,12,158,1779,15,1419,44,12,19,39,36,34,34,1
1174,5,158,1779,15,1419,44,591,19,39,36,37,34,34,1
1175,6,1779,15,1419,44,591,333,39,36,37,58,34,34,1
1176,7,15,1419,44,591,333,1001,36,37,58,2,34,34,1
1177,8,1419,44,591,333,1001,30,37,58,2,36,34,34,1
1178,9,44,591,333,1001,30,306,58,2,36,19,34,34,0
1179,10,591,333,1001,30,306,6,2,36,19,36,34,34,1
1180,11,333,1001,30,306,6,307,36,19,36,33,34,34,1
1181,12,1001,30,306,6,307,182,19,36,33,46,34,34,1
1182,13,30,306,6,307,182,158,36,33,46,53,34,34,1
1183,14,306,6,307,182,158,1779,33,46,53,12,34,34,1
1184,15,6,307,182,158,1779,30,46,53,12,19,34,34,1
1185,16,307,182,158,1779,30,763,53,12,19,19,34,34,0
1186,17,182,158,1779,30,763,764,12,19,19,36,34,34,0
1187,18,158,1779,30,763,764,1273,19,19,36,36,34,34,1
1188,19,1779,30,763,764,1273,967,19,36,36,54,34,34,1
1189,20,30,763,764,1273,967,968,36,36,54,19,34,34,1
1190,21,763,764,1273,967,968,0,36,54,19,33,34,34,1
1191,22,764,1273,967,968,0,406,54,19,33,33,34,34,0
1192,23,1273,967,968,0,406,182,19,33,33,46,34,34,1
1193,24,967,968,0,406,182,256,33,33,46,53,34,34,1
1194,25,968,0,406,182,256,2211,33,46,53,21,34,34,1
1195,26,0,406,182,256,2211,30,46,53,21,21,34,34,1
1196,27,406,182,256,2211,30,763,53,21,21,19,34,34,0
1197,28,182,256,2211,30,763,764,21,21,19,36,34,34,0
1198,29,256,2211,30,763,764,460,21,19,36,36,34,34,1
1199,30,2211,30,763,764,460,14,19,36,36,36,34,34,1
1200,31,30,763,764,460,14,2307,36,36,36,38,34,34,1
1201,32,763,764,460,14,2307,0,36,36,38,19,34,34,1
1202,33,764,460,14,2307,0,348,36,38,19,33,34,34,0
1203,34,460,14,2307,0,348,349,38,19,33,46,34,34,0
1204,35,14,2307,0,348,349,389,19,33,46,56,34,34,1
1205,36,2307,0,348,349,389,310,33,46,56,36,34,34,1
1206,37,0,348,349,389,310,381,46,56,36,24,34,34,1
1207,38,348,349,389,310,381,2308,56,36,24,56,34,34,0
1208,39,349,389,310,381,2308,86,36,24,56,33,34,34,1
1209,40,389,310,381,2308,86,443,24,56,33,46,34,34,0
1210,41,310,381,2308,86,443,409,56,33,46,37,34,34,0
1211,42,381,2308,86,443,409,29,33,46,37,19,34,34,1
1212,43,2308,86,443,409,29,256,46,37,19,36,34,34,0
1213,44,86,443,409,29,256,2211,37,19,36,21,34,34,1
1214,45,443,409,29,256,2211,30,19,36,21,21,34,34,1
1215,46,409,29,256,2211,30,422,36,21,21,19,34,34,0
1216,47,29,256,2211,30,422,96,21,21,19,36,34,34,0
1217,48,256,2211,30,422,96,197,21,19,36,49,34,34,1
1218,49,2211,30,422,96,197,59,19,36,49,42,34,34,1
1219,50,30,422,96,197,59,227,36,49,42,35,34,34,1
1220,51,422,96,197,59,227,1623,49,42,35,38,34,34,1
1221,52,96,197,59,227,1623,1,42,35,38,36,34,34,1
1222,53,197,59,227,1623,1,2309,35,38,36,33,34,34,0
1223,54,59,227,1623,1,2309,2309,38,36,33,34,34,34,1
1224,0,2309,2309,2309,310,132,258,34,34,24,36,34,34,1
1225,1,2309,2309,310,132,258,15,34,24,36,46,34,34,1
1226,2,2309,310,132,258,15,21,24,36,46,39,34,34,1
1227,3,310,132,258,15,21,286,36,46,39,41,34,34,1
1228,4,132,258,15,21,286,0,46,39,41,19,34,34,1
1229,5,258,15,21,286,0,158,39,41,19,33,34,34,1
1230,6,15,21,286,0,158,1779,41,19,33,12,34,34,1
1231,7,21,286,0,158,1779,15,19,33,12,19,34,34,1
1232,8,286,0,158,1779,15,1146,33,12,19,39,34,34,0
1233,9,0,158,1779,15,1146,88,12,19,39,35,34,34,1
1234,10,158,1779,15,1146,88,74,19,39,35,36,34,34,1
1235,11,1779,15,1146,88,74,335,39,35,36,12,34,34,0
1236,12,15,1146,88,74,335,257,35,36,12,19,34,34,1
1237,13,1146,88,74,335,257,335,36,12,19,35,34,34,0
1238,14,88,74,335,257,335,1583,12,19,35,19,34,34,1
1239,15,74,335,257,335,1583,1405,19,35,19,45,34,34,1
1240,16,335,257,335,1583,1405,15,35,19,45,19,34,34,1
1241,17,257,335,1583,1405,15,1163,19,45,19,39,34,34,0
1242,18,335,1583,1405,15,1163,329,45,19,39,19,34,34,1
1243,19,1583,1405,15,1163,329,1,19,39,19,19,34,34,1
1244,20,1405,15,1163,329,1,2309,39,19,19,33,34,34,0
1245,21,15,1163,329,1,2309,2309,19,19,33,34,34,34,1
1246,0,2309,2309,2309,451,88,40,34,34,36,36,34,34,1
1247,1,2309,2309,451,88,40,307,34,36,36,24,34,34,1
1248,2,2309,451,88,40,307,179,36,36,24,46,34,34,1
1249,3,451,88,40,307,179,52,36,24,46,36,34,34,1
1250,4,88,40,307,179,52,0,24,46,36,36,34,34,1
1251,5,40,307,179,52,0,158,46,36,36,33,34,34,1
1252,6,307,179,52,0,158,1779,36,36,33,12,34,34,1
1253,7,179,52,0,158,1779,196,36,33,12,19,34,34,1
1254,8,52,0,158,1779,196,299,33,12,19,36,34,34,0
1255,9,0,158,1779,196,299,159,12,19,36,35,34,34,0
1256,10,158,1779,196,299,159,15,19,36,35,35,34,34,1
1257,11,1779,196,299,159,15,335,36,35,35,39,34,34,1
1258,12,196,299,159,15,335,1583,35,35,39,19,34,34,1
1259,13,299,159,15,335,1583,1405,35,39,19,45,34,34,1
1260,14,159,15,335,1583,1405,102,39,19,45,19,34,34,1
1261,15,15,335,1583,1405,102,10,19,45,19,38,34,34,0
1262,16,335,1583,1405,102,10,259,45,19,38,36,34,34,1
1263,17,1583,1405,102,10,259,161,19,38,36,35,34,34,1
1264,18,1405,102,10,259,161,135,38,36,35,36,34,34,1
1265,19,102,10,259,161,135,90,36,35,36,17,34,34,1
1266,20,10,259,161,135,90,0,35,36,17,38,34,34,1
1267,21,259,161,135,90,0,307,36,17,38,33,34,34,1
1268,22,161,135,90,0,307,771,17,38,33,46,34,34,1
1269,23,135,90,0,307,771,137,38,33,46,36,34,34,1
1270,24,90,0,307,771,137,158,33,46,36,24,34,34,1
1271,25,0,307,771,137,158,1779,46,36,24,12,34,34,1
1272,26,307,771,137,158,1779,341,36,24,12,19,34,34,1
1273,27,771,137,158,1779,341,510,24,12,19,36,34,34,0
1274,28,137,158,1779,341,510,312,12,19,36,46,34,34,0
1275,29,158,1779,341,510,312,527,19,36,46,17,34,34,1
1276,30,1779,341,510,312,527,2302,36,46,17,24,34,34,1
1277,31,341,510,312,527,2302,1178,46,17,24,21,34,34,1
1278,32,510,312,527,2302,1178,86,17,24,21,35,34,34,0
1279,33,312,527,2302,1178,86,375,24,21,35,46,34,34,0
1280,34,527,2302,1178,86,375,15,21,35,46,19,34,34,1
1281,35,2302,1178,86,375,15,14,35,46,19,39,34,34,1
1282,36,1178,86,375,15,14,1163,46,19,39,38,34,34,0
1283,37,86,375,15,14,1163,329,19,39,38,19,34,34,1
1284,38,375,15,14,1163,329,316,39,38,19,19,34,34,1
1285,39,15,14,1163,329,316,766,38,19,19,19,34,34,0
1286,40,14,1163,329,316,766,0,19,19,19,36,34,34,1
1287,41,1163,329,316,766,0,86,19,19,36,33,34,34,0
1288,42,329,316,766,0,86,375,19,36,33,46,34,34,1
1289,43,316,766,0,86,375,224,36,33,46,19,34,34,1
1290,44,766,0,86,375,224,134,33,46,19,36,34,34,1
1291,45,0,86,375,224,134,158,46,19,36,24,34,34,1
1292,46,86,375,224,134,158,1779,19,36,24,12,34,34,1
1293,47,375,224,134,158,1779,15,36,24,12,19,34,34,1
1294,48,224,134,158,1779,15,277,24,12,19,39,34,34,0
1295,49,134,158,1779,15,277,1137,12,19,39,36,34,34,0
1296,50,158,1779,15,277,1137,161,19,39,36,36,34,34,1
1297,51,1779,15,277,1137,161,102,39,36,36,36,34,34,0
1298,52,15,277,1137,161,102,251,36,36,36,38,34,34,1
1299,53,277,1137,161,102,251,1,36,36,38,19,34,34,1
1300,54,1137,161,102,251,1,2309,36,38,19,33,34,34,0
1301,55,161,102,251,1,2309,2309,38,19,33,34,34,34,1
1302,0,2309,2309,2309,400,401,161,34,34,36,45,34,34,1
1303,1,2309,2309,400,401,161,11,34,36,45,36,34,34,1
1304,2,2309,400,401,161,11,217,36,45,36,17,34,34,1
1305,3,400,401,161,11,217,0,45,36,17,37,34,34,1
1306,4,401,161,11,217,0,30,36,17,37,33,34,34,1
1307,5,161,11,217,0,30,182,17,37,33,19,34,34,1
1308,6,11,217,0,30,182,306,37,33,19,53,34,34,1
1309,7,217,0,30,182,306,180,33,19,53,36,34,34,1
1310,8,0,30,182,306,180,158,19,53,36,36,34,34,1
1311,9,30,182,306,180,158,1779,53,36,36,12,34,34,1
1312,10,182,306,180,158,1779,15,36,36,12,19,34,34,1
1313,11,306,180,158,1779,15,222,36,12,19,39,34,34,0
1314,12,180,158,1779,15,222,223,12,19,39,19,34,34,0
1315,13,158,1779,15,222,223,0,19,39,19,36,34,34,1
1316,14,1779,15,222,223,0,209,39,19,36,33,34,34,0
1317,15,15,222,223,0,209,96,19,36,33,24,34,34,1
1318,16,222,223,0,209,96,673,36,33,24,49,34,34,1
1319,17,223,0,209,96,673,180,33,24,49,36,34,34,1
1320,18,0,209,96,673,180,158,24,49,36,36,34,34,1
1321,19,209,96,673,180,158,1779,49,36,36,12,34,34,1
1322,20,96,673,180,158,1779,15,36,36,12,19,34,34,1
1323,21,673,180,158,1779,15,560,36,12,19,39,34,34,0
1324,22,180,158,1779,15,560,264,12,19,39,57,34,34,0
1325,23,158,1779,15,560,264,120,19,39,57,37,34,34,1
1326,24,1779,15,560,264,120,222,39,57,37,3,34,34,1
1327,25,15,560,264,120,222,1608,57,37,3,19,34,34,1
1328,26,560,264,120,222,1608,0,37,3,19,35,34,34,1
1329,27,264,120,222,1608,0,259,3,19,35,33,34,34,0
1330,28,120,222,1608,0,259,161,19,35,33,35,34,34,1
1331,29,222,1608,0,259,161,158,35,33,35,36,34,34,1
1332,30,1608,0,259,161,158,1779,33,35,36,12,34,34,1
1333,31,0,259,161,158,1779,30,35,36,12,19,34,34,1
1334,32,259,161,158,1779,30,15,36,12,19,19,34,34,0
1335,33,161,158,1779,30,15,27,12,19,19,39,34,34,0
1336,34,158,1779,30,15,27,428,19,19,39,19,34,34,1
1337,35,1779,30,15,27,428,120,19,39,19,19,34,34,1
1338,36,30,15,27,428,120,1287,39,19,19,3,34,34,0
1339,37,15,27,428,120,1287,102,19,19,3,45,34,34,1
1340,38,27,428,120,1287,102,0,19,3,45,38,34,34,0
1341,39,428,120,1287,102,0,158,3,45,38,33,34,34,1
1342,40,120,1287,102,0,158,1779,45,38,33,12,34,34,1
1343,41,1287,102,0,158,1779,290,38,33,12,19,34,34,1
1344,42,102,0,158,1779,290,801,33,12,19,35,34,34,0
1345,43,0,158,1779,290,801,88,12,19,35,36,34,34,1
1346,44,158,1779,290,801,88,299,19,35,36,36,34,34,1
1347,45,1779,290,801,88,299,159,35,36,36,35,34,34,1
1348,46,290,801,88,299,159,15,36,36,35,35,34,34,1
1349,47,801,88,299,159,15,335,36,35,35,39,34,34,1
1350,48,88,299,159,15,335,1583,35,35,39,19,34,34,1
1351,49,299,159,15,335,1583,1405,35,39,19,45,34,34,1
1352,50,159,15,335,1583,1405,14,39,19,45,19,34,34,1
1353,51,15,335,1583,1405,14,106,19,45,19,38,34,34,0
1354,52,335,1583,1405,14,106,329,45,19,38,35,34,34,1
1355,53,1583,1405,14,106,329,1,19,38,35,19,34,34,1
1356,54,1405,14,106,329,1,2309,38,35,19,33,34,34,0
1357,55,14,106,329,1,2309,2309,35,19,33,34,34,34,1
